"Neighbourhood Name","Neighbourhood Number","0 to 14 years","15 to 24 years","25 to 54 years","55 to 64 years","65 years and over","85 years and over","Average total income","Average after-tax income","Low Income Prevalence (LIM-AT) %","Average after-tax income of household","In the labour force","Employed","Unemployed","Not in the labour force","Employment rate","Unemployment rate","Total Mother Tongue","English","French","Indigenous languages","Afro-Asiatic languages","Slavic languages","Germanic languages","Greek","Indo-Iranian languages","Italic (Romance) languages","Japanese","Korean","Niger-Congo languages","Sino-Tibetan languages","Turkic languages","Single-detached house","Semi-detached house","Row house","Duplex Apt","Lowrise Apt","Highrise Apt","Year","NEIGHBOURHOOD_140","Total average after-tax household income"
"West Humber-Clairville",1,5060,5445,13845,3990,4980,615,31771,28066,15.8,426156,17845,16140,1705,9995,58,9.6,32995,14825,185,5,700,435,135,115,8935,2095,20,75,625,525,90,3870,295,1310,1850,685,2265,2015,"West Humber-Clairville (1)",81495
"Mount Olive-Silverstone-Jamestown",2,7090,5240,13615,3475,3560,300,26548,24122,27.9,360648,14765,12975,1785,10975,50.4,12.1,32825,12860,180,0,4655,255,70,45,7370,1605,15,65,1110,275,55,1655,160,1040,755,90,6165,2015,"Mount Olive-Silverstone-Jamestown (2)",81495
"Thistletown-Beaumond Heights",3,1730,1410,4160,1195,1880,350,32815,28842,17.8,140050,5060,4540,525,3335,54.1,10.4,10120,4405,85,5,680,245,95,45,1775,1355,5,25,190,110,25,1575,300,50,375,295,680,2015,"Thistletown-Beaumond Heights (3)",81495
"Rexdale-Kipling",4,1640,1355,4300,1520,1730,300,34418,30201,18.6,134305,5480,4880,600,3240,55.9,10.9,10360,5635,120,0,345,535,80,60,775,1395,10,15,145,110,35,1775,30,430,480,670,460,2015,"Rexdale-Kipling (4)",81495
"Elms-Old Rexdale",5,1805,1440,3700,1255,1275,145,32012,28355,23.2,123119,4635,4175,465,3005,54.6,10,9450,4930,45,0,660,340,70,25,625,1225,10,35,200,120,10,990,70,515,200,65,1375,2015,"Elms-Old Rexdale (5)",81495
"Kingsview Village-The Westway",6,4240,3020,8635,2550,3585,575,36674,31447,24.9,272950,10265,9245,1020,7475,52.1,9.9,21990,9675,265,5,2220,1120,140,110,2395,2635,15,180,280,320,100,2175,130,315,170,220,4760,2015,"Kingsview Village-The Westway (6)",81495
"Willowridge-Martingrove-Richview",7,3555,2625,8140,2905,4905,885,44177,36713,15,412302,10870,9940,920,7715,53.5,8.5,22150,11470,265,0,580,1560,195,200,1390,3070,20,295,345,410,80,3600,530,345,255,35,3740,2015,"Willowridge-Martingrove-Richview (7)",81495
"Humber Heights-Westmount",8,1450,1140,3790,1510,3045,950,45615,38150,14.6,238655,5115,4745,380,3540,54.8,7.4,10365,4710,65,5,335,1675,105,55,205,2105,0,105,90,70,20,1680,60,65,180,190,1975,2015,"Humber Heights-Westmount (8)",81495
"Edenbridge-Humber Valley",9,2120,1805,5940,2385,3290,665,101551,72156,10.5,441052,8420,7915,510,4650,60.5,6.1,15195,8240,185,0,220,2275,200,125,220,2130,30,180,40,275,55,2555,85,130,40,1035,2405,2015,"Edenbridge-Humber Valley (9)",81495
"Princess-Rosethorn",10,1770,1580,3825,1855,2025,325,99055,71025,7.2,538736,5875,5520,355,3395,59.5,6,11045,7005,115,0,65,1180,165,80,245,900,35,215,10,310,15,3295,5,40,55,15,440,2015,"Princess-Rosethorn (10)",81495
"Eringate-Centennial-West Deane",11,2635,2405,6910,2855,3765,565,47002,39203,9.7,352269,10105,9355,750,5795,58.9,7.4,18525,9670,175,0,390,3260,220,145,545,1685,25,360,30,615,35,3925,360,605,125,75,1785,2015,"Eringate-Centennial-West Deane (11)",81495
"Markland Wood",12,1340,1165,3600,1735,2705,535,62378,48586,8.3,195412,5445,5115,335,3665,56.1,6.2,10460,5880,125,0,100,2275,140,80,110,600,15,155,5,275,30,1780,5,285,40,170,2025,2015,"Markland Wood (12)",81495
"Etobicoke West Mall",13,1695,1460,5025,1600,2060,505,38255,32942,18.3,132460,6420,5915,505,3355,60.5,7.9,11470,5355,85,0,360,1905,100,65,625,845,20,205,40,285,150,965,95,230,60,55,3160,2015,"Etobicoke West Mall (13)",81495
"Islington-City Centre West",14,5820,4695,20640,5400,7405,1480,52787,42550,15.8,854623,25665,23805,1870,11725,63.6,7.3,43420,21280,605,0,1420,6140,365,265,1765,3735,125,1480,180,1510,210,5175,125,650,250,750,12345,2015,"Islington-City Centre West (14)",81495
"Kingsway South",15,1580,1100,3245,1345,1995,325,144642,97836,4.5,900624,4790,4440,360,2805,58.6,7.5,9275,7055,160,0,35,665,185,40,65,450,15,60,0,120,15,2310,70,50,30,335,790,2015,"Kingsway South (15)",81495
"Stonegate-Queensway",16,4060,2495,10660,3660,4165,750,64140,49002,11.6,516575,14060,13125,935,6790,63,6.7,24950,14565,415,0,155,4355,300,130,330,1950,45,135,25,680,85,5790,100,440,245,2765,1035,2015,"Stonegate-Queensway (16)",81495
"Mimico (includes Humber Bay Shores)",17,3505,3010,17695,4620,5160,565,54438,43971,18.2,583422,21160,19865,1305,8685,66.6,6.2,33380,18940,660,0,480,3730,395,135,1030,2800,100,310,80,1700,130,2255,285,915,355,3145,10810,2015,"Mimico (includes Humber Bay Shores) (17)",81495
"New Toronto",18,1610,1390,5215,1580,1525,140,44101,37209,24.8,188819,6460,5895,565,3220,60.9,8.7,11310,7270,195,0,220,1150,100,45,270,545,15,80,105,390,30,1555,215,260,200,1965,1180,2015,"New Toronto (18)",81495
"Long Branch",19,1335,1130,4705,1520,1405,140,47384,39000,17.6,137480,6160,5725,440,2565,65.6,7.1,10085,6540,145,0,95,1310,135,45,165,545,10,30,25,230,10,1480,80,90,230,1795,1135,2015,"Long Branch (19)",81495
"Alderwood",20,1760,1235,5220,1825,2015,320,47709,39159,8.2,168602,6825,6405,415,3440,62.4,6.1,12035,7360,105,10,65,1675,100,55,215,1155,15,30,10,340,20,2840,545,85,330,560,255,2015,"Alderwood (20)",81495
"Humber Summit",21,2155,1720,4855,1315,2380,260,30731,27334,19.7,202677,5755,5200,555,4505,50.7,9.6,12415,4580,35,0,500,90,50,35,2700,2730,0,15,135,110,45,525,1790,85,95,685,710,2015,"Humber Summit (21)",81495
"Humbermede",22,2945,2225,6445,1760,2160,260,29528,26403,22.7,184459,7640,6865,780,4950,54.6,10.2,15540,6365,65,0,445,200,40,20,2200,2900,0,75,320,260,60,575,1135,455,80,1210,1585,2015,"Humbermede (22)",81495
"Pelmo Park-Humberlea",23,1745,1370,4645,1390,1590,205,39003,33581,11.4,154568,5870,5520,355,3100,61.5,6,10720,5185,55,5,190,215,40,50,280,2705,0,30,145,225,15,1795,510,260,350,240,535,2015,"Pelmo Park-Humberlea (23)",81495
"Black Creek",24,4600,3290,8525,2425,2870,370,25989,23786,33,261560,9300,8115,1180,7655,47.8,12.7,21560,10355,125,5,1895,280,55,35,480,2260,10,20,815,790,135,680,660,1140,155,630,4065,2015,"Black Creek (24)",81495
"Glenfield-Jane Heights",25,5790,4520,11590,3605,5005,700,27984,25395,25.7,410012,13440,11895,1550,10985,48.7,11.5,30250,13575,175,0,845,265,45,75,750,6300,10,15,665,1215,80,415,3285,1350,330,1150,3405,2015,"Glenfield-Jane Heights (25)",81495
"Downsview-Roding-CFB",26,5725,4340,15045,4380,5535,870,34168,29774,19.4,562794,18045,16630,1420,11210,56.8,7.9,35025,15010,215,5,625,575,100,140,855,8870,35,95,405,690,435,4330,925,645,425,3720,3085,2015,"Downsview-Roding-CFB (26)",81495
"York University Heights",27,4045,4750,12290,2965,3530,400,29958,26651,24.4,302358,14815,13235,1585,8705,56.3,10.7,27590,11385,195,5,625,770,80,80,2170,3655,30,345,480,1600,605,1235,1360,775,280,995,5505,2015,"York University Heights (27)",81495
"Rustic",28,1940,1405,3615,1115,1865,365,31800,28118,31.7,113995,4100,3735,375,3720,47.8,9.1,9760,4745,50,0,620,100,35,30,145,2480,5,5,255,100,15,1150,210,5,85,240,1965,2015,"Rustic (28)",81495
"Maple Leaf",29,1500,1265,4110,1205,2030,380,37108,31957,15.2,144062,5145,4735,415,3220,56.5,8.1,10025,3835,35,5,80,150,45,65,620,3125,5,5,35,105,40,1635,175,95,205,635,800,2015,"Maple Leaf (29)",81495
"Brookhaven-Amesbury",30,3360,2460,7625,2185,2130,285,32483,28552,24.7,176688,9105,8195,915,5240,57.1,10,17720,8275,100,0,530,270,60,40,620,3960,10,35,365,445,130,1790,240,25,135,540,3745,2015,"Brookhaven-Amesbury (30)",81495
"Yorkdale-Glen Park",31,1960,1870,5860,1810,3295,775,38527,32904,16.8,213860,7245,6670,580,4825,55.3,8,14050,5900,100,0,250,280,50,110,340,3935,35,70,70,655,45,2165,80,600,465,830,1185,2015,"Yorkdale-Glen Park (31)",81495
"Englemount-Lawrence",32,4805,3030,8385,2430,3725,955,48134,39911,21.3,293189,10760,9805,955,6330,57.4,8.9,22065,12695,180,0,660,930,500,125,355,1490,15,105,160,305,50,1905,30,265,510,2510,3030,2015,"Englemount-Lawrence (32)",81495
"Clanton Park",33,2765,1910,7470,1935,2375,400,51181,41837,14.9,168893,9275,8710,565,4380,63.8,6.1,16420,8625,180,0,415,960,205,180,290,1385,15,215,35,400,85,2405,10,15,555,1255,2315,2015,"Clanton Park (33)",81495
"Bathurst Manor",34,2325,1940,6655,2030,2940,710,45936,37927,17,251583,8620,8000,620,4640,60.3,7.2,15630,6710,165,0,400,2065,190,285,550,1735,25,270,25,430,325,2105,165,45,640,1070,2055,2015,"Bathurst Manor (34)",81495
"Westminster-Branson",35,3440,3355,10865,3500,5130,1000,32724,28613,24.4,332776,14055,12780,1290,8660,56.2,9.2,26095,7435,240,0,655,6660,360,40,1190,1250,15,790,45,625,275,870,555,470,145,455,7735,2015,"Westminster-Branson (35)",81495
"Newtonbrook West",36,2810,3325,10410,3110,4165,685,34904,29760,26.3,260415,12435,11390,1050,8390,54.7,8.4,23640,6495,150,5,450,3150,230,135,2230,1265,75,1925,15,2305,220,2530,605,550,375,495,4400,2015,"Newtonbrook West (36)",81495
"Willowdale West",37,1785,2230,7480,2070,3370,655,44576,36093,27.1,272986,8610,7760,845,6250,52.2,9.8,16890,5785,140,0,245,1250,205,125,2040,785,100,1745,5,3100,100,2030,140,250,300,195,4630,2015,"Willowdale West (37)",81495
"Lansing-Westgate",38,2420,2105,7590,1910,2160,360,72371,54879,17.6,356122,9195,8530,665,4450,62.5,7.2,16160,8275,185,5,290,1115,170,105,1215,830,50,775,10,1365,60,2355,30,0,185,655,3335,2015,"Lansing-Westgate (38)",81495
"Bedford Park-Nortown",39,4555,3210,8410,3075,3980,660,123077,85678,9.4,720203,11835,11185,650,6715,60.3,5.5,23215,16805,300,0,300,655,515,195,465,950,30,145,20,620,90,4820,45,65,315,1260,1995,2015,"Bedford Park-Nortown (39)",81495
"St.Andrew-Windfields",40,2645,2540,6800,2625,3235,410,100516,70885,15.9,649291,9255,8475,770,5795,56.3,8.3,17790,8505,235,0,310,560,220,110,1555,930,80,665,30,3100,170,3245,175,540,120,595,1745,2015,"St.Andrew-Windfields (40)",81495
"Bridle Path-Sunnybrook-York Mills",41,1435,1425,3090,1525,1785,245,308010,193454,8.8,1392010,4515,4155,360,3230,53.6,8,9240,6015,200,0,115,290,150,65,460,305,25,120,0,1000,55,2275,40,230,30,80,590,2015,"Bridle Path-Sunnybrook-York Mills (41)",81495
"Banbury-Don Mills",42,3605,2730,10810,3555,6975,1640,67757,51874,13.7,493486,14015,13010,1010,9370,55.6,7.2,27480,13985,410,0,525,1420,375,455,2010,1160,120,420,75,3430,165,3485,285,740,40,1315,6270,2015,"Banbury-Don Mills (42)",81495
"Victoria Village",43,2630,2030,7170,2270,3405,570,35786,30769,25.9,171271,8620,7745,870,5940,53.2,10.1,17195,7965,290,5,1030,540,120,775,2120,710,45,95,100,615,110,1250,305,365,180,2060,3235,2015,"Victoria Village (43)",81495
"Flemingdon Park",44,4385,3060,9185,2335,2980,285,28654,25608,34.7,261233,9910,8865,1050,7625,50.6,10.6,21930,6240,210,5,980,1210,95,625,6170,640,35,180,155,965,295,0,180,565,5,645,6425,2015,"Flemingdon Park (44)",81495
"Parkwoods-Donalda",45,5840,4680,14780,4265,5250,775,42516,35409,20.6,623453,18240,16565,1685,10645,57.3,9.2,34785,17410,545,10,1415,1305,265,580,3025,2300,90,475,180,2150,225,2555,1355,1370,125,1185,6710,2015,"Parkwoods-Donalda (45)",81495
"Pleasant View",46,2050,2080,6470,2020,3195,355,36346,31338,17.5,219209,8125,7315,810,5640,53.1,10,15805,4855,135,0,450,565,65,740,990,1060,50,190,35,4960,75,1010,1805,270,110,825,1475,2015,"Pleasant View (46)",81495
"Don Valley Village",47,4065,3280,11860,3145,4700,665,37379,31875,23.5,414411,13880,12540,1330,8885,55.1,9.6,26850,7965,235,0,825,1065,175,245,3475,1360,100,740,60,5915,280,2120,360,1415,145,305,5630,2015,"Don Valley Village (47)",81495
"Hillcrest Village",48,2115,2170,6060,2265,4305,630,40442,34203,21.9,298716,7930,7270,660,6870,49.1,8.3,16920,4870,130,0,250,425,180,95,1235,540,75,470,35,7265,55,1650,825,1070,155,755,1940,2015,"Hillcrest Village (48)",81495
"Bayview Woods-Steeles",49,1515,1635,4490,1825,3685,740,47246,38196,18.4,253036,6205,5720,495,4940,51.3,8,12740,4575,120,0,165,430,165,115,1215,475,30,620,30,3695,75,1565,495,200,100,570,1775,2015,"Bayview Woods-Steeles (49)",81495
"Newtonbrook East",50,1585,2185,6860,2155,3320,670,45212,36139,27.4,335768,8085,7375,710,5875,52.8,8.8,15565,4125,70,5,210,560,105,105,2610,650,60,1630,25,4020,85,2760,10,30,380,330,2590,2015,"Newtonbrook East (50)",81495
"Willowdale East",51,5920,6940,25850,5460,6270,830,45326,36740,30.3,572155,27075,24770,2300,17275,55.9,8.5,50290,13580,465,0,1280,1825,275,160,7500,1695,455,4630,55,14470,330,3385,65,845,250,1650,16100,2015,"Willowdale East (51)",81495
"Bayview Village",52,2415,2505,10310,2540,3615,610,52035,41440,23.7,354894,11885,10965,910,6845,58.5,7.7,21255,7380,200,0,380,655,140,115,2865,1060,120,1395,45,4895,130,2025,120,880,75,520,5900,2015,"Bayview Village (52)",81495
"Henry Farm",53,2505,2330,8045,1390,1460,135,36359,30931,29.6,202357,8605,7720,890,4600,58.5,10.3,15725,4720,145,0,870,450,60,80,2635,705,55,380,30,2605,70,495,0,435,15,80,5330,2015,"Henry Farm (53)",81495
"O'Connor-Parkview",54,3110,2385,7855,2650,2690,430,43907,36221,22.5,354525,9580,8620,970,5820,56,10.1,18655,11140,310,5,350,815,175,1020,1315,685,55,70,80,440,40,3030,130,145,285,1485,2395,2015,"O'Connor-Parkview (54)",81495
"Thorncliffe Park",55,5600,2455,9020,1665,2365,425,28875,25675,45.5,195114,8490,7415,1070,6760,48.6,12.6,20850,5060,130,0,925,660,45,300,9310,540,20,75,105,310,240,0,0,85,0,375,6660,2015,"Thorncliffe Park (55)",81495
"Leaside-Bennington",56,3285,2175,6455,2340,2550,400,125564,85496,6.9,841619,9145,8510,635,4215,63.7,6.9,16690,13450,290,0,90,415,220,185,270,480,55,90,10,450,30,3565,795,75,45,1420,525,2015,"Leaside-Bennington (56)",81495
"Broadview North",57,1470,1040,5680,1435,1865,255,44557,37018,22.6,126349,6575,6035,540,3300,61.1,8.2,11380,6215,170,5,140,990,80,1080,280,475,60,55,25,370,130,850,440,80,150,815,3325,2015,"Broadview North (57)",81495
"Old East York",58,1470,915,4035,1280,1520,230,53315,43038,13.5,257522,5115,4870,255,2625,62.9,5,9225,5730,135,5,55,350,80,980,225,375,35,30,10,410,30,2220,170,0,425,455,520,2015,"Old East York (58)",81495
"Danforth East York",59,3020,1450,7930,2135,2655,365,51846,42455,13.6,334260,9420,8770,650,4640,62.4,6.9,17105,10745,355,0,130,665,125,1305,585,785,80,65,20,1065,45,2900,1700,35,550,945,880,2015,"Danforth East York (59)",81495
"Woodbine-Lumsden",60,1165,675,3790,1150,1095,125,47710,39565,15.2,147462,4695,4380,310,2000,65.5,6.6,7845,5405,120,5,65,250,70,210,145,365,45,35,5,590,10,1885,325,20,285,320,610,2015,"Woodbine-Lumsden (60)",81495
"Taylor-Massey",61,2950,1690,7580,1750,1705,270,30430,27064,32.9,102259,7935,7030,910,4595,56.1,11.5,15495,6240,180,10,545,460,55,75,4335,580,40,160,90,530,115,600,195,185,195,240,4840,2015,"Taylor-Massey (61)",81495
"East End-Danforth",62,3735,2210,9990,2805,2650,310,54324,43567,18.8,304010,12120,11125,990,5170,64.3,8.2,21095,15525,385,15,290,395,210,125,1115,645,55,115,45,830,70,1770,1950,595,485,2240,2085,2015,"East End-Danforth (62)",81495
"The Beaches",63,3825,2075,9590,3140,2955,265,92580,67490,9.4,659192,12710,11985,725,4920,68,5.7,21530,18200,555,0,80,435,405,95,150,510,35,40,20,320,40,2590,1450,340,465,3925,640,2015,"The Beaches (63)",81495
"Woodbine Corridor",64,2325,1035,6165,1625,1380,170,55199,44594,15.8,240272,7270,6715,560,2835,66.4,7.7,12445,9515,325,15,105,205,125,110,275,400,50,45,20,660,25,885,1555,300,190,1810,690,2015,"Woodbine Corridor (64)",81495
"Greenwood-Coxwell",65,2460,1305,7240,1765,1640,200,46206,38307,19.7,216423,8245,7660,595,3670,64.2,7.2,14385,9555,265,5,125,255,125,170,725,450,50,45,25,1745,15,965,1480,335,360,2360,515,2015,"Greenwood-Coxwell (65)",81495
"Danforth",66,1675,920,4370,1195,1515,195,55225,43924,14.2,260052,5445,5105,340,2510,64.3,6.2,9605,6245,215,5,90,215,105,505,410,615,50,50,15,595,15,685,1240,30,215,1410,330,2015,"Danforth (66)",81495
"Playter Estates-Danforth",67,1150,735,3725,970,1220,195,70831,54115,13.6,194189,4680,4385,300,1815,67.6,6.4,7755,5745,160,5,55,230,105,415,95,235,40,35,5,235,30,630,580,60,200,1170,925,2015,"Playter Estates-Danforth (67)",81495
"North Riverdale",68,1960,1170,5490,1645,1660,140,73253,56122,10.9,318764,7160,6780,380,2575,69.6,5.3,11700,8750,195,5,45,250,140,340,110,315,50,30,15,995,15,815,1305,360,315,1460,700,2015,"North Riverdale (68)",81495
"Blake-Jones",69,1405,885,3605,940,895,115,48511,39515,24.5,154132,4080,3740,345,2200,59.6,8.5,7685,4955,175,0,225,115,70,215,460,230,25,20,45,690,20,495,815,370,170,795,470,2015,"Blake-Jones (69)",81495
"South Riverdale",70,3975,2445,15025,3120,3330,520,53803,43297,18.7,662651,16535,15470,1070,6600,66.8,6.5,27385,17745,615,20,230,450,215,120,530,705,85,70,80,4795,35,865,2390,1660,685,4195,2175,2015,"South Riverdale (70)",81495
"Cabbagetown-South St. James Town",71,800,1035,5855,1715,2250,305,63012,49123,20.8,301145,7275,6695,585,2925,65.6,8,11285,7935,350,5,130,335,170,40,235,460,50,105,25,535,25,160,460,630,160,1640,3375,2015,"Cabbagetown-South St. James Town (71)",81495
"Regent Park",72,1635,1775,5575,1100,730,50,34597,29525,42.3,103250,5660,5120,545,3375,56.6,9.6,10690,4695,240,0,585,200,35,15,1640,360,25,50,100,1105,20,5,50,505,10,735,3630,2015,"Regent Park (72)",81495
"Moss Park",73,1540,2060,12530,2495,1900,140,58915,45877,31.9,170813,12325,11485,845,4700,67.5,6.9,18865,11830,655,20,950,640,180,70,800,775,70,150,175,1035,55,65,135,630,110,2350,8240,2015,"Moss Park (73)",81495
"North St. James Town",74,2290,2265,10350,1970,1740,220,32648,28541,36.5,144164,10845,9715,1125,5225,60.4,10.4,18405,7535,385,5,1085,645,80,50,2065,885,65,295,130,850,95,5,0,100,20,575,8845,2015,"North St. James Town (74)",81495
"Church-Yonge Corridor",75,1260,5060,18780,3235,3010,250,53583,43039,26,443734,21855,19990,1865,7240,68.7,8.5,30915,17950,920,15,815,1300,320,85,1550,1555,160,640,100,3065,120,10,25,220,45,1280,18055,2015,"Church-Yonge Corridor (75)",81495
"Bay Street Corridor",76,1695,6860,13065,1760,2420,330,56526,43427,37.7,352218,15000,13455,1535,8950,56.2,10.2,25740,10610,450,5,1220,780,185,70,1635,1005,290,1120,25,6450,180,5,0,15,0,240,14800,2015,"Bay Street Corridor (76)",81495
"Waterfront Communities-The Island",77,3650,7840,45105,4680,4635,365,70600,54292,16.5,662333,51100,48470,2640,10885,78.2,5.2,65790,39530,1735,0,1560,2635,640,245,3700,2995,300,830,145,6760,255,255,40,560,80,535,39265,2015,"Waterfront Communities-The Island (77)",81495
"Kensington-Chinatown",78,1315,3350,8760,1795,2705,480,37422,31282,33.2,222404,10105,9290,825,6045,57.5,8.2,17585,8210,320,0,400,370,115,20,465,750,100,255,35,5185,30,70,215,600,245,2930,4630,2015,"Kensington-Chinatown (78)",81495
"University",79,565,1485,3590,650,1320,305,50757,40931,22.4,197072,4405,4035,365,1760,65.5,8.3,7070,4405,140,0,105,175,95,45,195,570,65,135,15,790,30,125,215,285,185,1410,1125,2015,"University (79)",81495
"Palmerston-Little Italy",80,1280,1465,7845,1260,1960,290,58071,46199,13.8,347339,9275,8640,630,3220,69.1,6.8,13815,9095,295,0,105,335,130,160,135,1990,65,90,10,820,10,355,960,295,410,3890,310,2015,"Palmerston-Little Italy (80)",81495
"Trinity-Bellwoods",81,1745,1630,9210,1625,2350,330,50694,40658,14.7,333954,10055,9440,610,4440,65.1,6.1,16300,9035,280,0,95,315,115,30,110,2870,65,60,5,2565,20,385,715,890,875,3385,295,2015,"Trinity-Bellwoods (81)",81495
"Niagara",82,2055,2415,23320,1885,1510,95,70623,54803,13.7,369683,24595,23490,1110,3795,82.7,4.5,30580,20505,755,5,525,1255,260,120,1020,2140,85,260,80,1625,95,35,110,860,315,1770,15645,2015,"Niagara (82)",81495
"Dufferin Grove",83,1285,1065,6680,1235,1515,175,40588,34403,18,128586,7555,6995,565,2870,67.1,7.5,11740,6630,210,5,95,315,75,80,265,2435,45,85,15,655,20,310,500,110,400,2700,1335,2015,"Dufferin Grove (83)",81495
"Little Portugal",84,1400,1605,9385,1325,1855,255,45737,37924,15.6,202912,10650,9965,685,3005,73,6.4,15440,9390,250,0,130,340,85,20,180,2915,50,90,25,1000,15,270,460,605,240,2835,2955,2015,"Little Portugal (84)",81495
"South Parkdale",85,2115,2275,12440,2475,2540,360,35207,30293,30.5,258500,13135,12020,1125,5455,64.7,8.6,20910,11625,370,10,585,1220,140,30,520,1045,40,90,70,2210,60,200,150,355,210,3280,7170,2015,"South Parkdale (85)",81495
"Roncesvalles",86,2300,1305,7990,1690,1680,185,50580,40926,19.9,377518,9020,8415,600,3550,66.9,6.7,14895,10100,330,0,120,1000,160,65,230,770,30,55,65,730,10,675,995,320,430,2715,1720,2015,"Roncesvalles (86)",81495
"High Park-Swansea",87,3540,2125,11570,2870,3800,755,71204,54872,11.1,483620,14525,13650,865,5290,68.9,6,23455,15700,500,0,200,2865,410,125,340,1210,90,175,35,475,25,2655,515,290,565,3240,3585,2015,"High Park-Swansea (87)",81495
"High Park North",88,2850,1890,11660,2585,3180,550,57465,45893,16.5,496958,13715,12740,970,5265,67.1,7.1,22105,13495,485,5,410,2755,365,115,485,1315,90,295,20,520,110,1370,600,130,410,1985,6515,2015,"High Park North (88)",81495
"Runnymede-Bloor West Village",89,2050,960,4605,1215,1245,195,71888,55942,6.9,223885,5825,5535,295,2200,69,5.1,10070,7390,210,5,150,800,120,150,65,420,25,30,10,195,15,2025,760,50,240,735,0,2015,"Runnymede-Bloor West Village (89)",81495
"Junction Area",90,2190,1465,7470,1750,1500,175,49709,40679,13.5,310473,8890,8390,500,3110,69.9,5.6,14090,9060,210,5,245,685,120,140,200,1315,40,65,15,620,20,740,980,565,510,2510,720,2015,"Junction Area (90)",81495
"Weston-Pelham Park",91,1675,1415,5275,1415,1325,150,33528,29334,20.4,127491,5965,5460,505,3455,58,8.5,11100,5185,115,10,280,165,20,85,170,3475,20,25,60,315,30,505,1220,300,210,1475,500,2015,"Weston-Pelham Park (91)",81495
"Corso Italia-Davenport",92,1910,1545,6930,1740,2015,300,41717,35165,13.4,304000,8310,7710,600,3890,63.2,7.2,14110,6555,165,5,85,190,80,85,185,5200,50,60,35,365,30,1240,1230,105,610,2235,0,2015,"Corso Italia-Davenport (92)",81495
"Dovercourt-Wallace Emerson-Junction",93,4480,3925,19790,3935,4515,595,39740,33777,17.1,594477,22330,20710,1610,9420,65.2,7.2,36355,19345,510,0,525,755,195,400,1000,7925,170,260,75,2280,70,1635,2050,1140,1135,6875,2265,2015,"Dovercourt-Wallace Emerson-Junction (93)",81495
"Wychwood",94,1860,1320,6420,1595,3150,880,54460,43054,16.7,239484,7875,7470,410,3510,65.6,5.2,13345,8445,230,0,175,300,155,405,130,1715,40,115,20,590,30,920,880,290,395,2080,1295,2015,"Wychwood (94)",81495
"Annex",95,2360,3750,15040,3480,5910,1040,112766,80138,18.3,792507,18560,17305,1250,7740,65.8,6.7,29880,20645,705,25,505,1055,495,260,785,1605,175,420,40,1540,145,645,1185,595,455,4795,8165,2015,"Annex (95)",81495
"Casa Loma",96,1200,1080,4555,1465,2675,395,165047,115033,12.5,545338,6475,6055,425,3160,62.8,6.6,10870,8255,200,0,130,370,210,35,200,480,25,40,15,295,30,875,265,200,155,1225,2680,2015,"Casa Loma (96)",81495
"Yonge-St.Clair",97,1210,920,5960,1540,2905,470,114174,80555,12.9,541217,7710,7245,455,3395,65.2,5.9,12530,9230,260,0,150,510,200,25,310,565,55,135,5,300,30,520,450,220,130,1370,4315,2015,"Yonge-St.Clair (97)",81495
"Rosedale-Moore Park",98,2625,2185,7925,3030,5140,750,207903,134865,10.2,1413132,11510,10815,695,6490,60.1,6,20900,15785,495,0,245,655,385,110,465,790,80,165,5,670,80,2450,485,260,345,1505,4990,2015,"Rosedale-Moore Park (98)",81495
"Mount Pleasant East",99,2980,1705,7620,2020,2455,260,85340,63862,10.3,348357,9720,9050,670,4055,65.7,6.9,16765,12250,380,5,140,780,210,145,420,675,75,165,20,500,45,2160,1620,140,180,1055,2275,2015,"Mount Pleasant East (99)",81495
"Yonge-Eglinton",100,1800,1225,5860,1325,1600,165,89330,65356,12,222648,7320,6815,505,2680,68.2,6.9,11810,8485,240,0,165,410,150,60,305,575,50,190,5,435,25,1400,465,60,310,1445,1995,2015,"Yonge-Eglinton (100)",81495
"Forest Hill South",101,1365,1355,4235,1530,2260,325,204521,142627,10.7,784645,6105,5765,340,3175,62.1,5.6,10730,8060,155,0,140,415,205,35,175,395,40,45,0,360,25,1685,65,40,70,1050,2025,2015,"Forest Hill South (101)",81495
"Forest Hill North",102,2060,1500,5390,1725,2135,350,85099,62714,15.5,258469,7520,6960,560,3085,65.6,7.4,12675,7705,165,0,355,710,170,55,210,815,25,70,20,200,75,1470,15,30,110,385,3430,2015,"Forest Hill North (102)",81495
"Lawrence Park South",103,2845,2095,5870,2115,2235,315,169203,111586,7.3,1216585,8365,7740,625,3895,63.1,7.5,15185,12020,270,0,105,425,175,90,300,440,35,115,5,445,60,3420,110,35,230,1015,925,2015,"Lawrence Park South (103)",81495
"Mount Pleasant West",104,2380,2520,17100,3030,4605,940,57039,45441,20.8,443047,19780,18450,1330,6765,69.5,6.7,29285,17125,700,0,615,1940,345,135,1755,2025,150,595,50,1135,240,475,185,200,100,1755,14785,2015,"Mount Pleasant West (104)",81495
"Lawrence Park North",105,3280,1670,5980,1725,1935,265,111730,79100,6.7,470908,7945,7435,505,3335,65.9,6.4,14605,11260,240,0,75,440,185,145,295,470,65,175,5,615,40,3110,885,30,185,1005,205,2015,"Lawrence Park North (105)",81495
"Humewood-Cedarvale",106,2165,1610,7005,1650,1940,280,65274,49925,15.7,289910,8890,8265,630,3175,68.5,7.1,14235,9605,240,5,190,380,145,180,165,1165,60,125,15,205,20,1850,265,0,155,2595,1705,2015,"Humewood-Cedarvale (106)",81495
"Oakwood Village",107,3130,2275,9535,2590,3700,540,39803,33777,18.6,267062,11725,10920,800,6120,61.2,6.8,20975,10810,230,10,450,460,115,480,175,4615,75,110,50,590,100,2795,1260,20,685,2390,1525,2015,"Oakwood Village (107)",81495
"Briar Hill-Belgravia",108,1855,1655,6740,1925,2100,310,34768,30341,17,190243,8350,7635,725,4005,61.8,8.7,14215,5475,105,5,190,960,45,145,130,2990,20,60,30,280,90,1610,155,75,385,1100,2395,2015,"Briar Hill-Belgravia (108)",81495
"Caledonia-Fairbank",109,1490,1220,4570,1350,1325,165,35112,30529,14.2,132879,5550,5145,400,2875,61.1,7.2,9905,3875,100,5,55,95,15,65,90,4005,15,10,5,165,70,1680,435,20,440,940,165,2015,"Caledonia-Fairbank (109)",81495
"Keelesdale-Eglinton West",110,1610,1430,4790,1435,1785,230,33316,29133,18.3,184802,5645,5155,485,3780,54.7,8.6,11040,4150,90,5,110,125,25,45,345,4455,20,25,30,210,35,1670,425,10,395,1005,665,2015,"Keelesdale-Eglinton West (110)",81495
"Rockcliffe-Smythe",111,3505,2740,9255,3090,3655,480,34059,29764,22.8,295358,11215,10180,1030,7525,54.3,9.2,22250,10520,215,5,750,1015,145,155,420,5375,25,65,180,505,85,2765,1055,240,465,1275,3260,2015,"Rockcliffe-Smythe (111)",81495
"Beechborough-Greenbrook",112,1120,855,2750,885,965,145,33829,29453,28,109880,3125,2765,355,2135,52.7,11.4,6375,3420,60,5,185,55,20,20,145,1425,0,5,60,75,30,665,80,15,90,1130,665,2015,"Beechborough-Greenbrook (112)",81495
"Weston",113,3100,2225,7785,2430,2445,395,32997,28965,29.6,171044,9075,8105,965,5530,55.5,10.6,17725,10325,205,0,1045,335,80,60,310,2585,20,60,330,200,25,1620,205,160,230,990,4405,2015,"Weston (113)",81495
"Lambton Baby Point",114,1695,905,3310,1050,1025,140,76629,57429,18.5,214945,4200,3885,320,2080,61.8,7.6,7985,5330,150,0,160,825,110,45,70,495,10,25,40,100,20,1270,545,185,95,335,700,2015,"Lambton Baby Point (114)",81495
"Mount Dennis",115,2395,1815,5930,1760,1685,265,30827,27461,25.3,164344,6905,6150,745,3970,56.6,10.8,13265,6955,80,5,575,285,45,45,270,2310,20,110,245,260,85,955,150,335,210,1035,2495,2015,"Mount Dennis (115)",81495
"Steeles",116,3150,2685,9500,3515,5755,955,31786,27889,21,363045,11035,9990,1045,10085,47.3,9.5,24305,4580,95,0,495,205,65,275,595,360,30,95,0,15665,20,3725,185,555,355,285,2715,2015,"Steeles (116)",81495
"L'Amoreaux",117,6120,5730,17210,5930,8990,1345,31826,27944,23.5,529383,21145,18855,2300,16235,50.4,10.9,43960,13590,325,0,1210,510,160,740,2380,1265,55,215,130,14490,100,3685,925,2415,420,830,6760,2015,"L'Amoreaux (117)",81495
"Tam O'Shanter-Sullivan",118,3885,3225,10675,3510,6160,1220,34200,29756,23.8,475647,12910,11730,1175,10225,50.7,9.1,27060,9480,230,0,595,370,145,485,1955,720,35,195,65,7590,60,3080,165,920,670,340,4860,2015,"Tam O'Shanter-Sullivan (118)",81495
"Wexford/Maryvale",119,4215,3650,11380,3940,4715,905,35047,30272,19.2,336503,14340,13055,1285,8995,55.9,9,27625,13540,300,5,1140,595,165,1190,1745,1340,30,165,85,1370,210,5290,15,360,1470,1105,1865,2015,"Wexford/Maryvale (119)",81495
"Clairlea-Birchmount",120,4565,3495,11940,3360,3630,660,36232,31369,19.5,350777,14195,12960,1240,7545,59.6,8.7,26320,12770,300,5,680,630,100,555,3890,975,75,85,130,1815,55,3135,1015,1045,725,1315,1965,2015,"Clairlea-Birchmount (120)",81495
"Oakridge",121,2865,1680,6050,1595,1655,255,26793,24247,42.6,134303,6150,5250,900,4605,48.8,14.6,13635,5665,155,15,800,150,45,110,3895,340,25,20,110,615,40,1050,140,200,440,250,3175,2015,"Oakridge (121)",81495
"Birchcliffe-Cliffside",122,3345,2440,9075,3520,3910,630,54360,43027,14.5,369161,12000,10945,1055,6355,59.6,8.8,21870,16600,355,5,115,525,240,210,1010,660,20,35,35,725,20,4900,425,40,880,1960,945,2015,"Birchcliffe-Cliffside (122)",81495
"Cliffcrest",123,2575,2145,6070,2445,2695,370,44718,36364,17.9,248846,8200,7410,795,5045,55.9,9.7,15865,10335,145,5,145,455,210,160,1590,445,25,30,35,610,40,3380,55,435,470,160,1335,2015,"Cliffcrest (123)",81495
"Kennedy Park",124,2775,2175,7120,2510,2550,330,30974,27439,26.3,229390,8510,7730,775,5810,54,9.1,17105,8220,155,0,570,330,75,310,1980,565,35,45,75,1000,30,1805,350,125,680,695,2835,2015,"Kennedy Park (124)",81495
"Ionview",125,2310,1645,6050,1720,1890,245,31383,27852,23.3,169046,6905,6295,610,4380,55.7,8.8,13610,6460,110,5,390,255,65,270,1175,325,15,25,50,595,30,1020,375,145,380,270,2880,2015,"Ionview (125)",81495
"Dorset Park",126,4250,3155,10485,3330,3780,790,31692,28052,22.3,251476,12735,11495,1230,7415,57.1,9.7,24395,9615,200,0,975,330,110,485,2970,575,25,40,80,2325,60,2130,335,1560,510,465,3770,2015,"Dorset Park (126)",81495
"Bendale",127,4550,4605,12050,3535,5250,900,33256,28953,23.4,326482,14270,13020,1255,10335,52.9,8.8,29510,12340,200,0,600,575,200,495,4135,810,60,160,65,3990,95,3870,290,325,1075,340,4850,2015,"Bendale (127)",81495
"Agincourt South-Malvern West",128,3075,3360,9965,3265,4105,555,31825,27928,22.6,278390,12045,10855,1185,8345,53.2,9.8,23740,7080,140,0,245,280,105,280,1705,605,40,80,50,9955,10,2790,330,515,695,610,3145,2015,"Agincourt South-Malvern West (128)",81495
"Agincourt North",129,3840,3705,11305,4230,6045,925,30414,26955,21.3,427037,13865,12510,1360,11130,50,9.8,28845,7070,120,5,275,125,75,145,1060,345,50,50,25,14670,20,3345,805,1440,645,735,2120,2015,"Agincourt North (129)",81495
"Milliken",130,3675,3195,10565,4030,5115,880,28085,25109,22.1,525507,12195,11035,1160,10185,49.3,9.5,26270,5305,60,0,140,80,30,80,755,155,20,30,15,16510,10,3900,550,610,520,95,1970,2015,"Milliken (130)",81495
"Rouge",131,7960,6700,18510,6690,6625,685,39556,33736,9.5,729154,24645,22625,2010,13485,59.4,8.2,46085,24205,280,0,495,415,195,135,4315,700,10,55,140,1450,10,7625,1145,1855,1170,575,1015,2015,"Rouge (131)",81495
"Malvern",132,7910,6620,17865,5535,5890,445,29573,26505,20.4,533202,22260,19925,2335,13610,55.5,10.5,43780,21045,305,5,650,295,90,75,6195,620,10,60,255,2840,30,3475,1275,3540,1220,655,3175,2015,"Malvern (132)",81495
"Centennial Scarborough",133,2150,1850,5030,1955,2385,160,54045,43854,6.2,215135,7185,6635,545,4010,59.3,7.6,13345,9135,130,0,125,415,160,105,835,495,5,35,20,420,10,3510,160,485,150,60,0,2015,"Centennial Scarborough (133)",81495
"Highland Creek",134,1545,1925,4620,2020,2395,190,40972,34837,10.5,196620,6655,6095,565,4270,55.8,8.5,12475,6665,80,0,135,325,75,120,1195,415,20,60,35,755,5,3100,5,15,545,30,0,2015,"Highland Creek (134)",81495
"Morningside",135,2880,2690,6840,2355,2695,355,32291,28497,23.8,272837,8760,7770,995,5510,54.4,11.4,17170,9095,145,0,300,270,130,110,1640,425,20,55,110,645,5,2280,25,920,310,205,2130,2015,"Morningside (135)",81495
"West Hill",136,4635,3950,10765,3785,4240,625,33323,29221,25.2,316750,13100,11585,1515,9300,51.7,11.6,26985,16580,360,5,610,605,215,215,2350,895,20,60,225,585,35,3220,450,1445,735,635,3485,2015,"West Hill (136)",81495
"Woburn",137,9625,7660,21945,6245,8010,1130,30878,27341,27.2,629030,25180,22505,2665,18215,51.9,10.6,53310,22645,400,0,840,885,395,535,11010,1220,60,125,220,3225,50,6310,285,240,1750,490,9330,2015,"Woburn (137)",81495
"Eglinton East",138,4180,3130,9180,2825,3505,560,30033,26865,26,343031,10690,9540,1155,7385,52.8,10.8,22575,10970,310,5,490,425,130,330,1960,625,15,40,205,740,20,1535,120,510,585,195,4965,2015,"Eglinton East (138)",81495
"Scarborough Village",139,3365,2360,6685,2095,2225,430,32913,28634,32.4,185967,7540,6560,980,5535,50.2,13,16560,8145,205,0,415,385,130,120,2665,490,10,30,180,310,15,1105,30,270,170,355,3980,2015,"Scarborough Village (139)",81495
"Guildwood",140,1295,1065,3370,1555,2635,540,53203,43848,7.7,177062,4975,4575,395,3390,54.7,7.9,9660,7130,130,0,60,365,240,95,370,310,20,25,10,210,15,2175,140,300,180,95,1090,2015,"Guildwood (140)",81495
"Agincourt North",129,3400,3175,10210,4315,6430,920,33120,29120,12.4,85700,13130,10860,2270,11000,45,17.3,27540,7075,115,0,345,125,60,140,1385,295,35,40,20,12635,15,3315,795,1500,590,670,2195,2020,"Agincourt North (129)",98784.8101265823
"Agincourt South-Malvern West",128,3005,2835,10205,3655,4480,625,43400,36480,13,81000,12430,10645,1785,8730,50.3,14.4,24170,7525,135,0,245,200,65,255,2015,715,30,100,60,8735,25,2760,350,490,635,650,3935,2020,"Agincourt South-Malvern West (128)",98784.8101265823
"Alderwood",20,2035,1110,5305,1870,2280,365,52350,44120,6.2,105200,6940,6115,825,3620,57.9,11.9,12590,7560,105,0,145,1375,90,65,395,1205,0,45,20,430,20,2900,565,85,315,545,375,2020,"Alderwood (20)",98784.8101265823
"Annex",95,2435,3010,14555,3505,5785,665,79800,60000,14.4,129000,18730,16560,2165,8140,61.6,11.6,29300,19630,635,0,585,1025,390,290,805,1585,195,390,35,1320,235,615,1180,590,420,4535,8895,2020,"Annex (95)",98784.8101265823
"Avondale",153,1545,1305,8320,1255,1380,120,65400,52150,18.6,82900,8715,7720,995,3535,63,11.4,13795,4275,110,0,305,515,100,60,2145,670,125,1055,0,2620,165,485,0,395,55,620,5445,2020,"Avondale (153)",98784.8101265823
"Banbury-Don Mills",42,3470,2600,10170,3985,6925,1270,69300,55450,11.1,109700,13770,12325,1445,9910,52,10.5,27150,13115,405,0,490,1255,255,395,2605,990,165,410,85,3530,140,3450,285,745,40,1270,6430,2020,"Banbury-Don Mills (42)",98784.8101265823
"Bathurst Manor",34,2275,1920,6700,2240,2820,490,44040,38040,11.4,91500,8880,7765,1120,4795,56.8,12.6,15955,6820,135,0,440,1570,95,210,675,1550,0,335,45,635,385,2100,160,40,675,1065,2020,2020,"Bathurst Manor (34)",98784.8101265823
"Bay-Cloverhill",169,745,4345,8295,1190,2115,295,52700,42400,29,72300,10415,8850,1565,5510,55.6,15,16670,6840,330,0,450,475,85,35,900,640,75,580,20,4385,90,0,0,30,0,160,10375,2020,"Bay-Cloverhill (169)",98784.8101265823
"Bayview Village",52,2390,2225,11140,2590,3980,570,59650,48960,16.4,85300,12940,11170,1770,7000,56,13.7,22330,7245,190,0,355,640,125,170,3165,1125,135,1220,40,4875,200,2005,120,775,65,525,6970,2020,"Bayview Village (52)",98784.8101265823
"Bayview Woods-Steeles",49,1315,1390,4220,1755,3425,500,61650,50760,11.9,100300,5795,5015,775,4975,46.6,13.4,12085,4225,160,0,165,310,130,140,1430,455,15,565,35,3385,40,1545,485,185,105,565,1865,2020,"Bayview Woods-Steeles (49)",98784.8101265823
"Bedford Park-Nortown",39,3985,2980,7485,3320,4385,565,76600,59050,7.2,182600,11320,10140,1180,6840,55.9,10.4,22140,15830,290,0,390,490,320,175,530,990,25,165,15,625,60,4775,50,50,255,1250,1950,2020,"Bedford Park-Nortown (39)",98784.8101265823
"Beechborough-Greenbrook",112,1030,805,2650,855,925,130,36600,32000,18,69000,3105,2570,545,2120,49.2,17.6,6260,3270,35,0,195,50,10,10,160,1365,0,0,70,45,0,665,90,10,70,1085,650,2020,"Beechborough-Greenbrook (112)",98784.8101265823
"Bendale",127,1610,1555,4315,1500,1755,285,36000,31920,9.7,92400,5370,4545,825,3740,49.9,15.4,10720,4770,35,0,305,210,35,260,1760,225,15,35,25,375,0,1955,0,50,710,145,485,2020,"Bendale (127)",98784.8101265823
"Bendale-Glen Andrew",127,2610,2605,7835,2225,3410,510,41360,34920,17,74900,9330,7940,1395,6740,49.4,15,18685,6935,165,0,440,285,70,180,3095,450,35,100,20,2790,30,1920,275,280,355,205,4365,2020,"Bendale-Glen Andrew (127)",98784.8101265823
"Birchcliffe-Cliffside",122,3440,2425,9115,3690,4025,460,51350,43080,9.7,103000,12070,10265,1800,7190,53.3,14.9,22705,16820,315,0,190,345,195,185,1280,745,45,35,85,565,40,4940,440,45,805,2015,1345,2020,"Birchcliffe-Cliffside (122)",98784.8101265823
"Black Creek",24,4005,3085,8255,2790,3010,345,31280,28560,19.4,68300,9045,7290,1760,8090,42.5,19.5,21140,9780,120,0,1825,215,35,10,530,2170,0,55,680,680,130,670,640,1155,165,610,3995,2020,"Black Creek (24)",98784.8101265823
"Blake-Jones",69,1260,820,3365,995,1050,110,46880,39680,15.2,95900,4000,3465,535,2215,55.8,13.4,7475,4930,140,0,230,100,40,115,310,300,50,10,40,590,30,480,835,340,155,760,505,2020,"Blake-Jones (69)",98784.8101265823
"Briar Hill-Belgravia",108,1910,1485,6670,2120,2380,315,43840,38120,11.5,82700,8285,7130,1155,4385,56.3,13.9,14575,5730,85,0,195,715,20,145,280,2890,25,110,45,335,75,1615,170,80,410,1270,2385,2020,"Briar Hill-Belgravia (108)",98784.8101265823
"Bridle Path-Sunnybrook-York Mills",41,1315,1180,2790,1460,2185,235,195600,137200,9.1,310400,4435,4075,365,3185,53.4,8.2,8940,5490,125,0,105,310,130,60,650,255,50,75,0,1140,50,2265,45,225,30,60,670,2020,"Bridle Path-Sunnybrook-York Mills (41)",98784.8101265823
"Broadview North",57,1465,920,5220,1475,1880,170,49320,41920,14.6,77400,6250,5325,920,3245,56.1,14.7,10960,5845,160,0,160,825,80,890,370,605,30,40,50,315,255,845,455,90,115,770,3005,2020,"Broadview North (57)",98784.8101265823
"Brookhaven-Amesbury",30,3065,2375,7135,2485,2430,360,38960,34120,13.8,78200,8470,7015,1455,5960,48.6,17.2,17495,8555,80,15,520,155,55,25,680,3285,10,15,280,390,140,1810,275,25,95,545,3645,2020,"Brookhaven-Amesbury (30)",98784.8101265823
"Cabbagetown-South St. James Town",71,900,850,5295,1845,2120,205,62300,51160,15,93100,6860,5970,885,3265,59,12.9,11020,7550,290,0,115,310,95,55,300,590,105,60,30,360,15,165,460,630,170,1540,3215,2020,"Cabbagetown-South St. James Town (71)",98784.8101265823
"Caledonia-Fairbank",109,1440,1095,4545,1425,1505,210,41760,36240,10.6,87600,5630,4900,725,2945,57.1,12.9,10015,4155,80,10,80,160,0,50,225,3470,15,30,0,220,90,1685,505,20,380,965,140,2020,"Caledonia-Fairbank (109)",98784.8101265823
"Casa Loma",96,1175,1060,4685,1510,2915,375,88200,66300,10.7,183400,6585,5860,725,3590,57.6,11,11350,8385,230,0,130,360,165,20,185,565,45,55,0,340,75,880,285,205,150,1110,3185,2020,"Casa Loma (96)",98784.8101265823
"Centennial Scarborough",133,2145,1675,4845,1985,2735,240,61700,51100,4.4,125400,6855,6060,795,4385,53.9,11.6,13385,9105,105,0,100,350,90,100,770,440,15,50,45,520,40,3540,155,485,130,105,0,2020,"Centennial Scarborough (133)",98784.8101265823
"Church-Wellesley",167,895,3475,13485,2360,2105,155,53800,44160,23.3,64800,15725,13265,2455,5695,61.9,15.6,22320,10620,575,0,515,895,155,60,1710,1300,150,700,40,2955,165,0,25,135,0,860,13645,2020,"Church-Wellesley (167)",98784.8101265823
"Clairlea-Birchmount",120,4495,3350,11615,3715,3660,475,47200,40320,11.5,90000,14005,11925,2085,8330,53.4,14.9,26835,12420,275,0,1100,585,65,395,4385,910,75,115,140,1485,55,3170,1110,1185,635,1300,1940,2020,"Clairlea-Birchmount (120)",98784.8101265823
"Clanton Park",33,2845,2135,7885,2210,2545,270,55250,44640,10.6,99400,10055,8830,1220,4725,59.8,12.1,17625,9130,160,0,355,770,180,140,435,1330,25,180,65,630,185,2375,0,15,535,1140,3080,2020,"Clanton Park (33)",98784.8101265823
"Cliffcrest",123,2510,2105,5930,2625,2950,350,45400,38840,11.1,97800,8150,6900,1250,5470,50.7,15.3,16135,9855,115,0,245,355,115,150,2060,475,20,55,90,430,25,3395,65,485,420,145,1290,2020,"Cliffcrest (123)",98784.8101265823
"Corso Italia-Davenport",92,1850,1260,6325,1665,2095,355,48880,40240,8.8,96600,7600,6740,860,3755,59.4,11.3,13200,7020,155,0,115,200,85,110,130,3920,65,30,50,200,20,1220,1260,115,530,2010,0,2020,"Corso Italia-Davenport (92)",98784.8101265823
"Danforth",66,1535,800,4140,1175,1655,250,47880,40720,10.3,108200,5065,4460,610,2705,57.4,12,9310,6230,170,0,110,175,55,415,320,545,40,45,0,595,20,685,1255,35,175,1345,395,2020,"Danforth (66)",98784.8101265823
"Danforth-East York",59,3070,1435,7545,2170,2840,370,54200,45120,9.3,104900,9430,8385,1045,4560,59.9,11.1,17065,10825,400,0,150,500,135,1145,460,795,50,50,55,1030,40,2895,1750,35,490,905,845,2020,"Danforth-East York (59)",98784.8101265823
"Don Valley Village",47,3825,3120,11535,3340,4950,660,46360,39640,13.5,85100,14030,11920,2115,8915,52,15.1,26770,8380,210,0,860,885,130,160,3520,1265,75,665,95,4895,215,2100,365,1375,140,290,5960,2020,"Don Valley Village (47)",98784.8101265823
"Dorset Park",126,3780,3050,10055,3605,3810,465,39440,34640,13,79300,12200,10425,1770,8330,50.8,14.5,24310,9105,190,0,1135,270,75,430,2970,490,35,80,95,2150,40,2125,315,1595,555,425,3700,2020,"Dorset Park (126)",98784.8101265823
"Dovercourt-Wallace Emerson-Junction",93,1365,1100,6410,1530,1975,275,49080,41560,10,92300,7460,6430,1030,3555,58.4,13.8,12380,7215,185,0,115,215,75,220,230,2195,50,100,20,715,20,860,845,255,545,2615,20,2020,"Dovercourt-Wallace Emerson-Junction (93)",98784.8101265823
"Downsview-Roding-CFB",26,2555,2070,8140,2490,2715,525,45880,39720,9.6,84200,9955,8505,1445,5460,55.2,14.5,17965,7485,140,0,290,390,35,100,480,3580,0,130,55,385,340,2345,310,400,300,2750,855,2020,"Downsview-Roding-CFB (26)",98784.8101265823
"Downtown Yonge East",168,1055,2730,10340,1625,1950,165,60550,48600,22.4,76500,12140,10495,1645,4505,63.1,13.6,17695,9120,385,0,465,610,90,35,1100,840,110,445,110,2225,130,15,0,125,35,300,10555,2020,"Downtown Yonge East (168)",98784.8101265823
"Dufferin Grove",83,1210,980,6225,1175,1615,175,49480,42000,11.7,83100,7025,6020,1010,2975,60.2,14.4,11210,6695,205,0,105,230,55,25,315,1840,60,105,10,580,35,310,485,140,370,2625,1255,2020,"Dufferin Grove (83)",98784.8101265823
"East End Danforth",62,3735,2100,9995,3030,2985,230,49680,42000,11.9,96700,12405,10805,1600,5700,59.7,12.9,21845,16025,400,20,305,395,170,105,1010,755,45,130,35,715,55,1780,1970,565,525,2360,2240,2020,"East End Danforth (62)",98784.8101265823
"East L'Amoreaux",117,2915,2670,8310,3225,4365,555,36800,32360,13.5,84800,10320,8465,1850,8260,45.5,17.9,21495,6400,140,0,455,140,25,255,1140,405,15,80,105,7470,40,1675,550,1485,280,470,2725,2020,"East L'Amoreaux (117)",98784.8101265823
"East Willowdale",152,2205,2025,6310,2195,2750,295,52400,42720,16.9,108000,7510,6495,1015,5770,48.9,13.5,15480,4750,125,0,335,370,65,50,1720,400,80,865,40,5230,85,2970,60,400,230,435,1510,2020,"East Willowdale (152)",98784.8101265823
"Edenbridge-Humber Valley",9,2070,1665,5605,2380,3470,515,65400,52500,8.2,138200,8105,7130,980,5015,54.3,12.1,15190,8455,195,0,235,1895,165,130,170,2125,20,110,60,325,30,2560,85,115,30,940,2560,2020,"Edenbridge-Humber Valley (9)",98784.8101265823
"Eglinton East",138,3780,3120,8990,3090,3555,395,38200,33920,13.9,75900,10915,9060,1865,7835,48.3,17.1,22535,10710,225,0,635,325,90,245,2420,610,30,0,250,550,20,1525,150,495,560,185,5265,2020,"Eglinton East (138)",98784.8101265823
"Elms-Old Rexdale",5,1610,1320,3680,1360,1390,185,40200,35300,12.4,83600,4425,3600,820,3320,46.5,18.5,9355,4785,75,0,720,295,85,15,360,1250,0,95,160,105,0,1000,60,475,195,65,1395,2020,"Elms-Old Rexdale (5)",98784.8101265823
"Englemount-Lawrence",32,4310,2910,8015,2450,3605,615,65300,50600,13.4,100600,10165,8890,1280,6820,52.4,12.6,21290,12010,160,0,715,730,405,135,280,1355,30,30,95,405,90,1915,10,150,520,2580,2975,2020,"Englemount-Lawrence (32)",98784.8101265823
"Eringate-Centennial-West Deane",11,2640,2160,6635,3025,3985,660,59350,49040,5.6,105600,9770,8510,1255,6040,53.8,12.8,18450,9775,100,0,335,2855,170,100,640,1550,20,320,25,560,75,3910,360,630,105,75,1760,2020,"Eringate-Centennial-West Deane (11)",98784.8101265823
"Etobicoke City Centre",159,2785,1930,13510,2355,3015,310,62300,50720,13.6,80300,15295,13600,1700,5520,65.4,11.1,23595,10860,230,0,640,2295,100,65,1515,2265,85,950,125,975,90,1030,65,415,105,165,10150,2020,"Etobicoke City Centre (159)",98784.8101265823
"Etobicoke West Mall",13,1780,1285,5195,1690,1920,245,50400,43320,11,83900,6495,5575,920,3590,55.3,14.2,11860,5555,105,0,305,1560,50,35,645,870,20,205,25,320,220,970,100,210,55,55,3320,2020,"Etobicoke West Mall (13)",98784.8101265823
"Fenside-Parkwoods",150,3020,2545,8950,2820,3185,405,48040,41280,13.2,80800,11185,9430,1755,6305,53.9,15.7,20510,9155,335,0,900,640,75,175,2335,1265,60,240,135,1200,145,520,1085,440,50,925,5115,2020,"Fenside-Parkwoods (150)",98784.8101265823
"Flemingdon Park",44,4155,2910,9730,2495,3240,340,44240,38240,19.9,70600,10490,8765,1730,7885,47.7,16.5,22525,6735,245,0,1310,1400,65,385,5335,630,20,220,135,910,240,0,205,545,0,640,6805,2020,"Flemingdon Park (44)",98784.8101265823
"Forest Hill North",102,1890,1405,4980,1705,2310,265,54800,45840,10.8,126300,7125,6300,825,3280,60.5,11.6,12290,7020,145,0,560,695,145,65,215,860,25,75,25,120,60,1460,10,40,110,345,3275,2020,"Forest Hill North (102)",98784.8101265823
"Forest Hill South",101,1360,1300,4090,1425,2675,390,90700,66700,9.8,184400,6070,5530,540,3435,58.2,8.9,10865,7910,190,0,175,350,160,25,235,425,40,35,0,360,50,1635,65,35,80,1015,2235,2020,"Forest Hill South (101)",98784.8101265823
"Fort York-Liberty Village",163,1205,1325,15550,1040,795,40,78800,62100,10.3,88600,16225,14830,1390,2490,79.3,8.6,19915,11925,455,0,345,955,110,65,1250,1180,40,320,25,1080,130,0,0,180,0,400,11830,2020,"Fort York-Liberty Village (163)",98784.8101265823
"Glenfield-Jane Heights",25,4950,4355,11505,4075,5150,830,33680,30560,14.9,76300,13575,10975,2595,11495,43.8,19.1,30020,13080,90,0,855,320,35,65,695,5480,15,20,535,1110,150,410,3395,1280,365,960,3590,2020,"Glenfield-Jane Heights (25)",98784.8101265823
"Golfdale-Cedarbrae-Woburn",137,4940,3935,10605,3405,4200,510,34560,30840,16,80600,12705,10585,2120,9440,47.8,16.7,27085,11950,240,0,575,490,115,160,5515,585,25,25,105,360,20,3700,50,65,1160,325,3510,2020,"Golfdale-Cedarbrae-Woburn (137)",98784.8101265823
"Greenwood-Coxwell",65,2550,1065,6875,1750,1875,165,51700,42640,12,95400,7725,6800,925,3845,58.8,12,14120,9650,220,20,140,210,105,155,580,380,45,60,30,1335,20,965,1535,390,320,2400,400,2020,"Greenwood-Coxwell (65)",98784.8101265823
"Guildwood",140,1325,985,3335,1460,2570,455,61450,51950,5.8,100700,4845,4190,655,3505,50.2,13.5,9675,6685,150,0,100,280,115,65,540,310,45,20,55,320,0,2165,140,295,175,100,1060,2020,"Guildwood (140)",98784.8101265823
"Harbourfront-CityPlace",165,2065,2615,20360,1560,1525,145,73100,58150,14.4,87000,21900,19655,2245,4165,75.4,10.3,28130,13555,625,0,810,920,215,80,2800,1635,125,420,65,3240,145,0,0,65,0,15,16470,2020,"Harbourfront-CityPlace (165)",98784.8101265823
"Henry Farm",53,2870,2360,11050,1700,1860,145,46280,39400,17.2,77000,12015,10370,1645,4955,61.1,13.7,19835,5705,145,0,795,395,25,80,3030,1020,100,310,55,3165,115,495,0,425,20,80,7490,2020,"Henry Farm (53)",98784.8101265823
"High Park North",88,2780,1695,11375,2665,3340,400,58950,47880,11.9,92400,13730,11925,1805,5350,62.5,13.1,21850,13450,470,0,450,2240,240,120,430,1510,85,135,10,395,120,1385,655,115,340,1975,6620,2020,"High Park North (88)",98784.8101265823
"High Park-Swansea",87,3385,2060,10475,3020,3720,435,67600,55500,8.5,120100,13540,12035,1510,5735,62.4,11.2,22660,15385,400,0,155,2240,310,110,440,1200,105,120,0,465,45,2640,520,285,525,3045,3415,2020,"High Park-Swansea (87)",98784.8101265823
"Highland Creek",134,1485,1840,4465,1965,2875,225,35880,31160,6.4,114900,6585,5595,985,4560,50.2,15,12625,5885,60,0,125,395,30,100,1555,385,15,30,15,770,15,3175,10,10,570,25,0,2020,"Highland Creek (134)",98784.8101265823
"Hillcrest Village",48,1940,1725,5760,2220,4695,825,44240,34680,15.6,88200,7545,6525,1025,6850,45.3,13.6,16340,4700,80,0,205,350,110,95,1385,575,45,530,30,6300,120,1660,850,1045,165,725,1940,2020,"Hillcrest Village (48)",98784.8101265823
"Humber Bay Shores",161,1700,1370,13250,2705,3565,340,75400,59150,13.5,86600,15450,13540,1910,5455,64.8,12.4,22600,11155,450,0,600,2265,200,50,1435,1910,65,220,55,1215,150,15,0,145,0,905,12250,2020,"Humber Bay Shores (161)",98784.8101265823
"Humber Heights-Westmount",8,1370,1105,3565,1565,2385,425,51200,42680,10.2,101400,4995,4350,645,3635,50.4,12.9,10010,4620,60,0,275,1245,105,80,290,1985,0,125,50,70,25,1675,55,55,200,155,1970,2020,"Humber Heights-Westmount (8)",98784.8101265823
"Humber Summit",21,1840,1685,4655,1595,2410,410,34700,30800,12.2,84300,5770,4770,1005,4575,46.1,17.4,12185,4615,15,0,510,120,20,30,2630,2135,0,35,130,55,105,535,1760,70,85,755,715,2020,"Humber Summit (21)",98784.8101265823
"Humbermede",22,3025,2355,7110,2055,2415,320,37760,33400,13.3,79000,8220,6880,1335,5710,49.4,16.2,16950,7170,115,0,570,150,25,20,1825,2715,0,110,480,210,45,590,1165,465,90,1205,2170,2020,"Humbermede (22)",98784.8101265823
"Humewood-Cedarvale",106,2135,1345,6580,1620,2180,215,53700,41200,11.2,107700,8315,7420,895,3400,63.3,10.8,13850,9445,185,0,220,330,85,165,205,1000,75,85,25,150,45,1820,230,0,160,2320,1805,2020,"Humewood-Cedarvale (106)",98784.8101265823
"Ionview",125,2215,1550,5675,1835,2090,280,39200,34360,13.8,75400,6715,5615,1100,4435,50.4,16.4,13370,6020,95,0,565,150,50,270,1305,305,10,0,50,525,0,1020,375,155,365,255,2720,2020,"Ionview (125)",98784.8101265823
"Islington-City Centre West",14,3430,2610,9190,3495,4740,715,69000,55350,8.5,114600,12600,10965,1640,7430,54.7,13,23465,12280,270,0,755,3330,215,105,785,1675,15,435,60,635,145,4245,70,230,165,605,3970,2020,"Islington-City Centre West (14)",98784.8101265823
"Junction Area",90,2050,1205,7200,1780,1780,175,55900,46600,8.8,96700,8700,7580,1115,3265,63.4,12.8,14015,9115,175,0,280,505,135,185,270,1240,70,25,45,430,40,745,1020,600,435,2475,730,2020,"Junction Area (90)",98784.8101265823
"Junction-Wallace Emerson",171,3075,1935,12705,2560,2905,335,49640,42160,11.2,86700,14040,12070,1965,6060,60,14,23180,12620,345,10,465,445,90,105,650,4545,65,160,70,1125,80,750,1265,945,445,3950,2750,2020,"Junction-Wallace Emerson (171)",98784.8101265823
"Keelesdale-Eglinton West",110,1620,1265,4925,1655,1935,310,40080,34920,12.5,79800,5870,4990,875,3905,51.1,14.9,11390,4700,65,0,95,140,25,35,260,4295,10,60,60,170,20,1700,475,15,415,1100,675,2020,"Keelesdale-Eglinton West (110)",98784.8101265823
"Kennedy Park",124,2585,2110,6830,2675,2910,315,36160,31800,17,73400,8175,6665,1505,6345,45.9,18.4,17105,7615,85,0,570,260,45,265,2555,555,20,60,100,750,20,1815,365,135,670,670,2850,2020,"Kennedy Park (124)",98784.8101265823
"Kensington-Chinatown",78,1245,2740,9435,1890,2805,550,53850,41400,23,73200,10580,8715,1870,6290,51.6,17.7,18120,8835,310,0,390,345,105,20,595,800,90,225,15,4450,90,55,200,595,185,2820,5620,2020,"Kensington-Chinatown (78)",98784.8101265823
"Kingsview Village-The Westway",6,3915,2850,8600,2935,3705,555,44800,38360,14.7,85600,10525,8625,1900,7560,47.7,18.1,22005,10050,340,0,2210,990,55,70,1935,2465,20,130,255,410,135,2195,135,305,165,225,4760,2020,"Kingsview Village-The Westway (6)",98784.8101265823
"Kingsway South",15,1435,1075,2910,1370,2065,265,94400,73600,4.3,211200,4595,4215,380,2830,56.8,8.3,8860,6730,115,0,35,600,105,40,145,375,0,35,0,135,15,2320,80,40,25,345,665,2020,"Kingsway South (15)",98784.8101265823
"L'Amoreaux West",117,2725,2450,7830,3220,5335,975,38080,33600,15.8,80100,10180,8575,1610,8640,45.6,15.8,21545,7445,195,0,630,295,45,505,1150,735,15,140,130,5150,95,2000,375,1145,145,340,4270,2020,"L'Amoreaux West (117)",98784.8101265823
"Lambton Baby Point",114,1540,965,3220,1015,1215,165,57600,46500,12,123500,4165,3615,550,2260,56.3,13.2,7965,5375,105,0,145,735,105,45,120,455,15,30,30,105,0,1270,535,15,100,500,680,2020,"Lambton Baby Point (114)",98784.8101265823
"Lansing-Westgate",38,2325,1915,7290,1940,2435,335,63450,50520,11.8,115200,9135,8090,1050,4455,59.5,11.5,15915,7800,125,0,255,905,195,80,1235,795,55,630,25,1480,90,2380,35,10,190,640,3285,2020,"Lansing-Westgate (38)",98784.8101265823
"Lawrence Park North",105,2965,1815,5795,1910,2180,245,81900,62400,5.6,185200,7890,7030,860,3815,60.1,10.9,14675,10890,155,0,100,370,155,125,375,610,15,130,0,915,80,3195,925,25,175,950,185,2020,"Lawrence Park North (105)",98784.8101265823
"Lawrence Park South",103,2450,2215,5540,2160,2605,300,90900,71300,7.2,231000,7955,7175,780,4550,57.4,9.8,14955,11195,285,0,175,450,125,60,360,450,40,85,0,610,60,3395,95,30,250,955,1060,2020,"Lawrence Park South (103)",98784.8101265823
"Leaside-Bennington",56,2905,2210,6080,2570,2760,345,74400,59850,5.8,191200,8925,7935,1000,4700,58.2,11.2,16540,12835,270,0,80,340,220,160,360,530,45,155,10,580,70,3570,795,100,45,1410,515,2020,"Leaside-Bennington (56)",98784.8101265823
"Little Portugal",84,1500,1235,9725,1235,1795,245,60600,49440,10.8,88900,10615,9270,1345,3365,66.3,12.7,15480,9425,310,0,160,435,70,25,270,2435,45,115,0,770,50,265,455,625,255,2690,3560,2020,"Little Portugal (84)",98784.8101265823
"Long Branch",19,1595,985,5460,1665,1650,165,52350,44240,11.2,86400,6770,5995,780,2990,61.4,11.5,11360,7120,145,0,95,1165,80,60,360,740,15,50,25,340,0,1545,95,80,240,2005,1310,2020,"Long Branch (19)",98784.8101265823
"Malvern East",146,3915,3560,10550,3550,4525,425,38360,33720,11.7,86600,13145,11020,2130,9035,49.7,16.2,26095,12750,235,0,365,175,40,15,3010,410,10,75,180,1535,15,2250,645,2150,730,320,2435,2020,"Malvern East (146)",98784.8101265823
"Malvern West",145,2830,2570,7015,2370,2520,160,39320,34440,9.7,88800,8880,7325,1550,5610,50.6,17.5,17320,6805,105,0,365,80,20,25,3405,215,0,0,165,890,20,1215,655,1405,545,305,930,2020,"Malvern West (145)",98784.8101265823
"Maple Leaf",29,1455,1115,4005,1420,1835,450,39300,34400,9,90200,4985,4245,740,3400,50.6,14.8,9840,4150,70,0,180,135,20,35,525,2805,0,15,0,80,20,1625,185,100,195,620,880,2020,"Maple Leaf (29)",98784.8101265823
"Markland Wood",12,1315,1105,3435,1745,2765,510,61350,51080,6,115500,5215,4580,635,3835,50.6,12.2,10370,5765,90,0,80,2180,180,85,160,540,15,90,0,245,35,1770,0,280,40,155,1975,2020,"Markland Wood (12)",98784.8101265823
"Milliken",130,3225,2450,8980,3770,5555,775,30720,27600,14.6,84700,10640,8615,2020,10120,41.5,19,23985,5320,20,0,60,45,20,100,730,190,15,25,0,13835,20,3885,555,615,460,90,1945,2020,"Milliken (130)",98784.8101265823
"Mimico-Queensway",160,2395,1325,8165,2465,2695,275,54150,45160,12.4,90900,10095,8920,1175,4560,60.9,11.6,17045,9925,255,0,250,1635,120,60,560,1200,65,95,25,1015,35,2335,310,780,345,2325,1770,2020,"Mimico-Queensway (160)",98784.8101265823
"Morningside",135,2920,2445,7100,2310,2885,285,34680,31080,12.4,86600,8840,7450,1390,5895,50.5,15.7,17655,8540,160,0,390,200,100,90,1775,320,15,70,160,580,20,2270,40,945,310,210,2100,2020,"Morningside (135)",98784.8101265823
"Morningside Heights",144,4080,3640,9895,3630,3705,295,36600,32200,5.7,110800,13210,11235,1975,7650,53.9,15,24940,9885,85,0,255,75,10,0,2980,205,0,0,40,775,30,3885,705,1170,725,25,0,2020,"Morningside Heights (144)",98784.8101265823
"Moss Park",73,1570,2360,13050,2350,2165,100,58750,46920,23.3,75800,14405,12295,2105,5520,61.7,14.6,21490,12165,555,15,1025,725,135,35,1100,1130,110,235,210,1480,140,50,110,755,95,2430,9815,2020,"Moss Park (73)",98784.8101265823
"Mount Dennis",115,2145,1635,5580,1940,1755,160,41560,36440,14.9,72800,6735,5475,1260,4170,50.2,18.7,13055,6665,95,0,525,205,45,0,220,2350,60,80,230,235,100,965,125,360,180,1035,2390,2020,"Mount Dennis (115)",98784.8101265823
"Mount Olive-Silverstone-Jamestown",2,5690,4955,12840,3690,4170,450,33920,30480,15.6,78200,14360,11830,2535,11300,46.1,17.7,31345,12615,105,0,4100,250,30,20,6110,1640,10,65,910,245,50,1640,155,1060,760,90,6040,2020,"Mount Olive-Silverstone-Jamestown (2)",98784.8101265823
"Mount Pleasant East",99,2780,1760,6895,2150,2785,280,65600,52650,8.3,132800,9330,8345,990,4255,61.4,10.6,16370,11620,265,0,175,610,175,105,440,835,50,210,0,490,40,2145,1575,140,170,980,2155,2020,"Mount Pleasant East (99)",98784.8101265823
"New Toronto",18,1645,1180,5160,1535,1810,160,42200,36680,15.8,76900,6190,5375,820,3505,55.4,13.2,11345,7135,185,0,230,795,95,35,320,710,15,60,75,400,40,1555,195,285,180,1900,1150,2020,"New Toronto (18)",98784.8101265823
"Newtonbrook East",50,1570,1730,6760,2160,3120,430,43680,37320,17.7,90100,8235,7155,1080,5540,52,13.1,15345,3995,60,0,120,420,85,75,2760,745,25,1500,55,3495,110,2800,25,35,405,340,2560,2020,"Newtonbrook East (50)",98784.8101265823
"Newtonbrook West",36,2605,2970,10545,3365,4305,640,40680,34920,15.3,81800,13110,11305,1800,8090,53.3,13.7,23810,6455,170,0,500,2565,110,105,2580,1255,70,1855,20,2020,235,2550,640,560,340,600,4390,2020,"Newtonbrook West (36)",98784.8101265823
"North Riverdale",68,1790,1110,4720,1735,1935,160,65100,52000,8.3,127900,6345,5760,580,3160,60.6,9.1,11290,8560,200,0,65,195,130,275,110,270,30,45,0,785,0,805,1375,360,265,1390,685,2020,"North Riverdale (68)",98784.8101265823
"North St. James Town",74,2165,1915,10310,2240,1900,150,44480,38040,21.9,63600,10940,9030,1910,5430,55.2,17.5,18540,7535,335,0,1075,435,65,45,1905,930,80,250,70,635,155,10,0,110,20,530,8855,2020,"North St. James Town (74)",98784.8101265823
"North Toronto",173,1315,1425,9915,1435,1790,235,59700,49160,18.5,70900,10870,9465,1415,3695,65,13,15885,7410,260,0,365,895,120,35,1475,1675,75,450,20,765,250,15,15,45,0,875,8475,2020,"North Toronto (173)",98784.8101265823
"O`Connor Parkview",54,2905,2180,7485,2740,3090,415,47480,40720,13.6,88000,9300,7710,1585,6205,49.7,17,18405,10625,275,0,625,720,135,925,1280,620,20,60,145,410,75,3020,170,160,250,1505,2350,2020,"O`Connor Parkview (54)",98784.8101265823
"Oakdale-Beverley Heights",154,3795,2755,8870,2830,3150,525,37640,31280,14.4,78000,10780,8960,1820,6840,50.8,16.9,21415,10110,75,0,605,260,50,40,355,4140,10,30,655,295,135,2150,745,430,275,1115,2935,2020,"Oakdale-Beverley Heights (154)",98784.8101265823
"Oakridge",121,2565,1780,5905,1755,1700,190,35080,31520,22.5,64900,6080,4800,1280,5055,43.1,21.1,13700,5935,225,0,895,95,20,65,3140,315,35,20,140,610,40,1080,150,200,470,240,3160,2020,"Oakridge (121)",98784.8101265823
"Oakwood Village",107,3075,2070,9200,2705,3665,500,43040,37600,12,85700,11445,10005,1440,6190,56.7,12.6,20710,11085,205,0,570,420,115,305,240,4060,30,105,20,550,70,2765,1290,15,655,2370,1535,2020,"Oakwood Village (107)",98784.8101265823
"Old East York",58,1420,935,3735,1410,1670,225,51120,43120,8.3,102700,4960,4360,605,2780,56.3,12.2,9160,5695,120,0,75,325,80,890,235,375,30,40,0,290,25,2210,195,0,375,435,510,2020,"Old East York (58)",98784.8101265823
"Palmerston-Little Italy",80,1195,1345,7150,1360,2070,365,53300,44320,10.9,103900,8550,7590,960,3375,63.6,11.2,13125,8625,225,0,130,295,160,140,120,1655,40,90,10,640,45,380,990,320,390,3670,315,2020,"Palmerston-Little Italy (80)",98784.8101265823
"Parkwoods-O'Connor Hills",149,2285,1875,5360,2015,2420,355,53350,44760,10.7,104400,7255,6070,1180,4425,52,16.3,13965,7805,185,0,465,325,125,300,1010,830,50,220,35,810,75,1980,300,835,40,235,1650,2020,"Parkwoods-O'Connor Hills (149)",98784.8101265823
"Pelmo Park-Humberlea",23,1690,1360,4820,1655,1770,265,52500,44200,7.7,97300,5970,5145,825,3630,53.6,13.8,11285,5515,50,0,190,110,30,75,305,2340,0,40,140,285,35,1830,545,260,290,270,715,2020,"Pelmo Park-Humberlea (23)",98784.8101265823
"Playter Estates-Danforth",67,1090,720,3305,1070,1490,155,57250,45080,10.7,109700,4365,3755,610,2225,57,14,7685,5550,185,0,90,225,120,380,85,320,25,50,0,150,30,625,590,65,185,1070,1085,2020,"Playter Estates-Danforth (67)",98784.8101265823
"Pleasant View",46,1810,1885,6025,2150,3350,445,38400,33320,10.1,91300,7730,6425,1305,5680,47.9,16.9,15220,4610,110,0,605,520,65,640,1185,980,35,205,30,4075,70,1015,1835,255,100,760,1450,2020,"Pleasant View (46)",98784.8101265823
"Princess-Rosethorn",10,1750,1445,3725,1940,2310,325,87200,67600,5.6,164200,5880,5215,670,3545,55.4,11.4,11175,7040,100,0,105,955,100,80,290,995,15,175,0,310,30,3330,10,50,40,20,445,2020,"Princess-Rosethorn (10)",98784.8101265823
"Regent Park",72,1745,1715,6550,1485,1250,120,55150,45560,22.9,70500,6810,5620,1180,4205,51,17.3,12755,5870,275,0,700,195,35,10,1510,565,25,105,120,945,45,30,60,500,10,600,4850,2020,"Regent Park (72)",98784.8101265823
"Rexdale-Kipling",4,1575,1230,4185,1530,1850,230,37040,32960,13.5,79200,5305,4560,740,3495,51.8,13.9,10380,5540,70,0,410,465,55,45,915,1095,10,0,140,120,90,1765,30,405,470,640,630,2020,"Rexdale-Kipling (4)",98784.8101265823
"Rockcliffe-Smythe",111,3325,2425,9120,3270,4095,485,40360,35360,15.8,75700,10745,9220,1525,8165,48.8,14.2,22240,10520,195,0,920,1040,120,140,340,5195,20,60,135,575,80,2775,1135,215,395,1220,3275,2020,"Rockcliffe-Smythe (111)",98784.8101265823
"Roncesvalles",86,2130,1190,7615,1785,1900,205,56400,46400,12.5,98000,8815,7820,995,3675,62.6,11.3,14615,10160,260,0,145,770,190,20,185,725,35,65,100,660,0,690,1015,325,375,2725,1640,2020,"Roncesvalles (86)",98784.8101265823
"Rosedale-Moore Park",98,2395,2030,7000,3060,5595,690,122000,85100,8.8,208600,10455,9470,985,7230,53.5,9.4,20080,14630,460,0,180,675,355,95,555,920,80,85,25,695,105,2425,485,265,305,1445,4955,2020,"Rosedale-Moore Park (98)",98784.8101265823
"Rouge",131,3010,2510,7690,3160,4295,335,51200,43680,6.2,109900,10670,9125,1545,6995,51.7,14.5,20675,13365,155,0,285,260,160,70,1755,470,15,40,100,490,0,3780,505,785,335,540,1080,2020,"Rouge (131)",98784.8101265823
"Runnymede-Bloor West Village",89,2005,990,4340,1375,1405,170,67400,54700,5.1,136000,5705,5145,560,2410,63.4,9.8,10125,7685,185,0,120,660,110,85,75,450,20,20,10,190,0,2010,770,50,235,755,0,2020,"Runnymede-Bloor West Village (89)",98784.8101265823
"Rustic",28,1625,1290,3390,1360,1715,375,37000,32800,19.1,73800,4135,3370,770,3630,43.4,18.6,9395,4810,45,0,630,85,15,35,185,2005,15,0,190,45,0,1130,205,0,110,160,1920,2020,"Rustic (28)",98784.8101265823
"Scarborough Village",139,3110,2240,6710,2205,2270,245,40000,31840,17.1,76000,7620,6270,1355,5795,46.7,17.8,16520,7795,230,0,415,260,65,65,2775,465,20,20,215,335,30,1095,35,305,155,345,4030,2020,"Scarborough Village (139)",98784.8101265823
"South Eglinton-Davisville",174,2190,1690,13640,2175,3055,325,67200,53750,15.3,82100,15070,13475,1595,5475,65.6,10.6,22735,11945,445,0,460,1145,190,100,1785,2015,105,645,50,905,150,475,135,145,130,990,11295,2020,"South Eglinton-Davisville (174)",98784.8101265823
"South Parkdale",85,1920,1845,11920,2420,2400,190,44720,38560,20.2,64300,12810,10595,2210,5770,57,17.3,20500,11340,340,10,690,1070,155,55,685,1155,25,75,95,1840,95,195,180,330,195,3110,7275,2020,"South Parkdale (85)",98784.8101265823
"South Riverdale",70,3930,2080,15060,3375,3370,320,66100,52400,11.7,105500,17350,15095,2255,6530,63.2,13,27810,19060,555,10,300,450,170,105,570,695,95,85,65,3555,20,890,2495,1585,740,4065,2865,2020,"South Riverdale (70)",98784.8101265823
"St Lawrence-East Bayfront-The Islands",166,2285,2590,19325,3100,3995,465,79800,61950,15.3,91800,21965,19585,2380,7040,67.5,10.8,31290,17405,875,0,890,1065,330,40,2165,1470,130,410,150,2760,170,235,45,415,75,275,17745,2020,"St Lawrence-East Bayfront-The Islands (166)",98784.8101265823
"St.Andrew-Windfields",40,2430,2280,6125,2540,3575,470,87600,70200,13,157800,8680,7745,935,5845,53.3,10.8,16955,7570,210,0,160,600,175,85,1585,805,45,445,45,3225,130,3225,215,540,95,580,1680,2020,"St.Andrew-Windfields (40)",98784.8101265823
"Steeles",116,2755,2295,8025,3465,6225,950,35080,31120,14.8,84200,9875,8045,1840,10135,40.2,18.6,22760,4735,70,0,560,145,25,235,655,265,10,80,10,13660,25,3700,195,565,300,280,2810,2020,"Steeles (116)",98784.8101265823
"Stonegate-Queensway",16,4225,2485,10470,3830,4635,675,60000,46000,8.5,116200,14045,12355,1685,7380,57.7,12,25650,14875,405,0,205,3855,295,110,510,1865,45,165,10,880,160,5810,95,455,240,2800,1110,2020,"Stonegate-Queensway (16)",98784.8101265823
"Tam O'Shanter-Sullivan",118,3665,3125,10280,3950,6180,1135,39960,34280,14.4,80300,13270,11205,2075,10270,47.6,15.6,27210,9720,215,0,780,295,85,390,1790,685,25,155,60,6920,80,3040,185,930,635,330,5185,2020,"Tam O'Shanter-Sullivan (118)",98784.8101265823
"Taylor Massey",61,2680,1665,7140,1805,1740,160,40320,35600,17.8,69800,7830,6355,1475,4510,51.5,18.8,15020,6095,115,0,605,405,45,80,3800,750,30,105,80,290,110,600,195,185,180,250,4555,2020,"Taylor Massey (61)",98784.8101265823
"The Beaches",63,3660,2205,8750,3220,3685,285,70900,55200,7.9,138600,12215,10870,1345,5635,60.9,11,21510,18030,460,0,125,390,310,40,205,615,35,40,10,305,45,2595,1435,375,415,3890,715,2020,"The Beaches (63)",98784.8101265823
"Thistletown-Beaumond Heights",3,1495,1315,3970,1320,1740,245,39300,34700,11.8,88800,4990,4165,830,3360,49.9,16.6,9850,4360,40,0,675,275,35,35,1655,1170,0,10,220,95,0,1580,325,55,315,300,660,2020,"Thistletown-Beaumond Heights (3)",98784.8101265823
"Thorncliffe Park",55,4975,2520,8670,1935,2300,320,46640,39880,24.2,68500,8700,7140,1560,6725,46.3,17.9,20400,5285,105,0,1285,465,30,400,7845,635,0,45,85,400,165,0,0,90,0,370,6600,2020,"Thorncliffe Park (55)",98784.8101265823
"Trinity-Bellwoods",81,1600,1355,8365,1735,2355,425,59700,47640,11,103800,9500,8290,1210,4310,60,12.7,15415,8635,285,10,135,335,145,20,135,2305,35,25,0,2195,15,375,750,980,735,3220,465,2020,"Trinity-Bellwoods (81)",98784.8101265823
"University",79,505,840,3360,680,1050,125,56000,46160,14.6,94400,4095,3470,625,1830,58.6,15.3,6435,3845,165,0,75,130,75,35,170,555,45,105,0,695,0,150,200,305,170,1315,1040,2020,"University (79)",98784.8101265823
"Victoria Village",43,2710,2030,6915,2365,3355,430,43280,37600,17.6,73400,8580,7135,1445,6075,48.7,16.8,17370,7925,215,0,1285,430,60,740,1995,685,35,60,115,600,45,1210,305,370,175,2000,3195,2020,"Victoria Village (43)",98784.8101265823
"Wellington Place",164,1130,3005,19565,1055,805,35,83400,64100,14,93600,21345,19685,1660,3095,80.5,7.8,25575,14335,690,0,495,895,175,125,1535,1230,115,425,35,2690,220,10,70,70,0,330,16565,2020,"Wellington Place (164)",98784.8101265823
"West Hill",136,4470,3865,11075,4190,4545,455,36320,32360,15.2,79400,13595,11300,2295,10070,47.7,16.9,28140,16255,365,0,590,440,115,170,3205,855,30,35,300,660,25,3285,500,1555,645,660,3500,2020,"West Hill (136)",98784.8101265823
"West Humber-Clairville",1,4295,5035,14130,4475,5360,575,37040,32840,8.7,92300,18405,15780,2630,10595,54.4,14.3,33295,14900,160,0,770,450,55,75,8345,1960,30,80,520,305,70,3930,335,1380,1835,695,2510,2020,"West Humber-Clairville (1)",98784.8101265823
"West Queen West",162,1125,720,9090,1120,1115,80,87700,67600,10.9,104000,9865,9120,740,2180,75.7,7.5,13170,8780,305,0,170,415,120,35,390,1065,70,30,15,680,35,35,100,675,295,1290,5265,2020,"West Queen West (162)",98784.8101265823
"Westminster-Branson",35,3385,2890,10475,3630,5310,830,40600,35600,13.7,80400,13620,11510,2110,8700,51.6,15.5,25705,7800,185,0,610,5275,205,35,1295,1180,30,595,55,550,320,875,565,460,130,445,7555,2020,"Westminster-Branson (35)",98784.8101265823
"Weston",113,3120,2130,8230,2520,2675,280,38800,34280,18.6,70100,9320,7700,1625,6235,49.5,17.4,18675,10885,180,0,1355,315,35,95,320,2480,0,35,360,180,0,1615,225,145,225,990,4715,2020,"Weston (113)",98784.8101265823
"Weston-Pelham Park",91,1565,1120,5115,1385,1485,195,36160,31880,13.1,81600,5605,4750,850,3505,52.1,15.2,10680,5535,125,10,270,135,10,65,120,2810,10,20,60,235,45,475,1320,310,200,1385,505,2020,"Weston-Pelham Park (91)",98784.8101265823
"Wexford/Maryvale",119,4175,3490,11575,4345,4760,710,41640,36200,11.6,85800,14830,12445,2385,9345,51.5,16.1,28340,12650,225,0,1415,650,120,1065,2475,1200,20,140,140,1295,335,5265,0,410,1430,1060,2080,2020,"Wexford/Maryvale (119)",98784.8101265823
"Willowdale West",37,1770,1930,7945,2080,3435,445,47920,40360,19.2,85600,9340,8215,1125,6055,53.4,12,17165,5700,105,0,260,1175,170,95,2165,800,110,1595,25,3280,120,2035,155,235,300,175,4935,2020,"Willowdale West (37)",98784.8101265823
"Willowridge-Martingrove-Richview",7,3500,2505,8255,3110,5085,1080,52100,44480,9.5,95400,11040,9460,1575,7905,49.9,14.3,22450,11340,235,0,610,1455,165,155,1215,3090,15,300,345,515,60,3640,535,440,240,25,3710,2020,"Willowridge-Martingrove-Richview (7)",98784.8101265823
"Woburn",137,4010,3475,11645,3315,4140,725,37760,33320,15.5,76500,13560,11390,2170,9015,50.5,16,26580,10540,120,0,450,360,160,245,5435,450,35,55,65,2015,25,2600,245,175,555,180,6055,2020,"Woburn (137)",98784.8101265823
"Woodbine Corridor",64,2315,1030,5765,1595,1500,130,58400,46080,11.1,102700,6745,6015,730,3145,60.8,10.8,12205,9090,370,0,230,210,95,80,275,340,30,50,15,510,35,880,1530,285,215,1760,550,2020,"Woodbine Corridor (64)",98784.8101265823
"Woodbine-Lumsden",60,1290,610,3600,1140,1275,135,48200,41320,10,95700,4415,3885,530,2210,58.7,12,7920,5455,100,0,100,205,35,150,200,340,40,30,50,495,25,1865,315,20,285,305,595,2020,"Woodbine-Lumsden (60)",98784.8101265823
"Wychwood",94,1770,1125,5935,1635,2340,360,53600,44880,11.2,101600,7340,6425,915,3685,58.3,12.5,12800,8160,230,0,210,225,115,345,135,1480,35,80,25,515,25,910,890,265,350,1955,1365,2020,"Wychwood (94)",98784.8101265823
"Yonge-Bay Corridor",170,970,2165,7785,875,855,60,61600,48920,24.3,77700,8620,7475,1150,3055,64,13.3,12645,4940,195,0,705,285,105,15,940,555,135,555,20,2605,60,0,0,0,0,40,7425,2020,"Yonge-Bay Corridor (170)",98784.8101265823
"Yonge-Doris",151,2170,2020,10535,2135,3290,500,59100,48400,22.5,73500,11350,9900,1450,6640,55,12.8,20155,4530,165,0,310,755,55,55,3255,630,220,2195,0,5480,125,20,0,70,30,605,9090,2020,"Yonge-Doris (151)",98784.8101265823
"Yonge-Eglinton",100,1720,1245,6140,1355,1945,200,73200,56700,10.5,119700,7590,6715,875,3100,62.8,11.5,12410,8400,225,0,115,300,170,45,370,850,90,210,0,495,80,1390,435,65,315,1420,2380,2020,"Yonge-Eglinton (100)",98784.8101265823
"Yonge-St. Clair",97,1310,810,5885,1620,3285,465,95500,75900,9.8,143600,7825,7160,665,3770,61.8,8.5,12905,9250,265,0,205,430,175,40,490,670,45,125,25,295,45,575,430,195,115,1345,4550,2020,"Yonge-St. Clair (97)",98784.8101265823
"York University Heights",27,3860,4700,12305,3665,3720,585,35600,31600,13.8,77400,14995,12530,2465,9400,51.4,16.4,28255,11645,200,0,580,675,65,55,2225,2960,10,330,340,1220,790,1300,1415,895,275,1120,5345,2020,"York University Heights (27)",98784.8101265823
"Yorkdale-Glen Park",31,2060,2175,7355,2055,2965,600,43760,38040,12.2,81800,8900,7480,1425,5670,51.4,16,16625,6845,130,0,230,445,35,120,580,4200,10,105,120,585,55,2165,70,1220,505,1005,1875,2020,"Yorkdale-Glen Park (31)",98784.8101265823
