"Neighbourhood Name","Neighbourhood Number","0 to 14 years","15 to 24 years","25 to 54 years","55 to 64 years","65 years and over","85 years and over","Average total income","Average after-tax income","Low Income Prevalence (LIM-AT) %","Average after-tax income of household","In the labour force","Employed","Unemployed","Not in the labour force","Employment rate","Unemployment rate","Total Mother Tongue","English","French","Indigenous languages","Afro-Asiatic languages","Slavic languages","Germanic languages","Greek","Indo-Iranian languages","Italic (Romance) languages","Japanese","Korean","Niger-Congo languages","Sino-Tibetan languages","Turkic languages","Year","NEIGHBOURHOOD_140","Total average after-tax household income"
"West Humber-Clairville",1,4295,5035,14130,4475,5360,575,37040,32840,8.7,92300,18405,15780,2630,10595,54.4,14.3,33295,14900,160,0,770,450,55,75,8345,1960,30,80,520,305,70,2020,"West Humber-Clairville (1)",98784.8101265823
"Mount Olive-Silverstone-Jamestown",2,5690,4955,12840,3690,4170,450,33920,30480,15.6,78200,14360,11830,2535,11300,46.1,17.7,31345,12615,105,0,4100,250,30,20,6110,1640,10,65,910,245,50,2020,"Mount Olive-Silverstone-Jamestown (2)",98784.8101265823
"Thistletown-Beaumond Heights",3,1495,1315,3970,1320,1740,245,39300,34700,11.8,88800,4990,4165,830,3360,49.9,16.6,9850,4360,40,0,675,275,35,35,1655,1170,0,10,220,95,0,2020,"Thistletown-Beaumond Heights (3)",98784.8101265823
"Rexdale-Kipling",4,1575,1230,4185,1530,1850,230,37040,32960,13.5,79200,5305,4560,740,3495,51.8,13.9,10380,5540,70,0,410,465,55,45,915,1095,10,0,140,120,90,2020,"Rexdale-Kipling (4)",98784.8101265823
"Elms-Old Rexdale",5,1610,1320,3680,1360,1390,185,40200,35300,12.4,83600,4425,3600,820,3320,46.5,18.5,9355,4785,75,0,720,295,85,15,360,1250,0,95,160,105,0,2020,"Elms-Old Rexdale (5)",98784.8101265823
"Kingsview Village-The Westway",6,3915,2850,8600,2935,3705,555,44800,38360,14.7,85600,10525,8625,1900,7560,47.7,18.1,22005,10050,340,0,2210,990,55,70,1935,2465,20,130,255,410,135,2020,"Kingsview Village-The Westway (6)",98784.8101265823
"Willowridge-Martingrove-Richview",7,3500,2505,8255,3110,5085,1080,52100,44480,9.5,95400,11040,9460,1575,7905,49.9,14.3,22450,11340,235,0,610,1455,165,155,1215,3090,15,300,345,515,60,2020,"Willowridge-Martingrove-Richview (7)",98784.8101265823
"Humber Heights-Westmount",8,1370,1105,3565,1565,2385,425,51200,42680,10.2,101400,4995,4350,645,3635,50.4,12.9,10010,4620,60,0,275,1245,105,80,290,1985,0,125,50,70,25,2020,"Humber Heights-Westmount (8)",98784.8101265823
"Edenbridge-Humber Valley",9,2070,1665,5605,2380,3470,515,65400,52500,8.2,138200,8105,7130,980,5015,54.3,12.1,15190,8455,195,0,235,1895,165,130,170,2125,20,110,60,325,30,2020,"Edenbridge-Humber Valley (9)",98784.8101265823
"Princess-Rosethorn",10,1750,1445,3725,1940,2310,325,87200,67600,5.6,164200,5880,5215,670,3545,55.4,11.4,11175,7040,100,0,105,955,100,80,290,995,15,175,0,310,30,2020,"Princess-Rosethorn (10)",98784.8101265823
"Eringate-Centennial-West Deane",11,2640,2160,6635,3025,3985,660,59350,49040,5.6,105600,9770,8510,1255,6040,53.8,12.8,18450,9775,100,0,335,2855,170,100,640,1550,20,320,25,560,75,2020,"Eringate-Centennial-West Deane (11)",98784.8101265823
"Markland Wood",12,1315,1105,3435,1745,2765,510,61350,51080,6,115500,5215,4580,635,3835,50.6,12.2,10370,5765,90,0,80,2180,180,85,160,540,15,90,0,245,35,2020,"Markland Wood (12)",98784.8101265823
"Etobicoke West Mall",13,1780,1285,5195,1690,1920,245,50400,43320,11,83900,6495,5575,920,3590,55.3,14.2,11860,5555,105,0,305,1560,50,35,645,870,20,205,25,320,220,2020,"Etobicoke West Mall (13)",98784.8101265823
"Kingsway South",15,1435,1075,2910,1370,2065,265,94400,73600,4.3,211200,4595,4215,380,2830,56.8,8.3,8860,6730,115,0,35,600,105,40,145,375,0,35,0,135,15,2020,"Kingsway South (15)",98784.8101265823
"Stonegate-Queensway",16,4225,2485,10470,3830,4635,675,60000,46000,8.5,116200,14045,12355,1685,7380,57.7,12,25650,14875,405,0,205,3855,295,110,510,1865,45,165,10,880,160,2020,"Stonegate-Queensway (16)",98784.8101265823
"New Toronto",18,1645,1180,5160,1535,1810,160,42200,36680,15.8,76900,6190,5375,820,3505,55.4,13.2,11345,7135,185,0,230,795,95,35,320,710,15,60,75,400,40,2020,"New Toronto (18)",98784.8101265823
"Long Branch",19,1595,985,5460,1665,1650,165,52350,44240,11.2,86400,6770,5995,780,2990,61.4,11.5,11360,7120,145,0,95,1165,80,60,360,740,15,50,25,340,0,2020,"Long Branch (19)",98784.8101265823
"Alderwood",20,2035,1110,5305,1870,2280,365,52350,44120,6.2,105200,6940,6115,825,3620,57.9,11.9,12590,7560,105,0,145,1375,90,65,395,1205,0,45,20,430,20,2020,"Alderwood (20)",98784.8101265823
"Humber Summit",21,1840,1685,4655,1595,2410,410,34700,30800,12.2,84300,5770,4770,1005,4575,46.1,17.4,12185,4615,15,0,510,120,20,30,2630,2135,0,35,130,55,105,2020,"Humber Summit (21)",98784.8101265823
"Humbermede",22,3025,2355,7110,2055,2415,320,37760,33400,13.3,79000,8220,6880,1335,5710,49.4,16.2,16950,7170,115,0,570,150,25,20,1825,2715,0,110,480,210,45,2020,"Humbermede (22)",98784.8101265823
"Pelmo Park-Humberlea",23,1690,1360,4820,1655,1770,265,52500,44200,7.7,97300,5970,5145,825,3630,53.6,13.8,11285,5515,50,0,190,110,30,75,305,2340,0,40,140,285,35,2020,"Pelmo Park-Humberlea (23)",98784.8101265823
"Black Creek",24,4005,3085,8255,2790,3010,345,31280,28560,19.4,68300,9045,7290,1760,8090,42.5,19.5,21140,9780,120,0,1825,215,35,10,530,2170,0,55,680,680,130,2020,"Black Creek (24)",98784.8101265823
"Glenfield-Jane Heights",25,4950,4355,11505,4075,5150,830,33680,30560,14.9,76300,13575,10975,2595,11495,43.8,19.1,30020,13080,90,0,855,320,35,65,695,5480,15,20,535,1110,150,2020,"Glenfield-Jane Heights (25)",98784.8101265823
"York University Heights",27,3860,4700,12305,3665,3720,585,35600,31600,13.8,77400,14995,12530,2465,9400,51.4,16.4,28255,11645,200,0,580,675,65,55,2225,2960,10,330,340,1220,790,2020,"York University Heights (27)",98784.8101265823
"Rustic",28,1625,1290,3390,1360,1715,375,37000,32800,19.1,73800,4135,3370,770,3630,43.4,18.6,9395,4810,45,0,630,85,15,35,185,2005,15,0,190,45,0,2020,"Rustic (28)",98784.8101265823
"Maple Leaf",29,1455,1115,4005,1420,1835,450,39300,34400,9,90200,4985,4245,740,3400,50.6,14.8,9840,4150,70,0,180,135,20,35,525,2805,0,15,0,80,20,2020,"Maple Leaf (29)",98784.8101265823
"Brookhaven-Amesbury",30,3065,2375,7135,2485,2430,360,38960,34120,13.8,78200,8470,7015,1455,5960,48.6,17.2,17495,8555,80,15,520,155,55,25,680,3285,10,15,280,390,140,2020,"Brookhaven-Amesbury (30)",98784.8101265823
"Yorkdale-Glen Park",31,2060,2175,7355,2055,2965,600,43760,38040,12.2,81800,8900,7480,1425,5670,51.4,16,16625,6845,130,0,230,445,35,120,580,4200,10,105,120,585,55,2020,"Yorkdale-Glen Park (31)",98784.8101265823
"Englemount-Lawrence",32,4310,2910,8015,2450,3605,615,65300,50600,13.4,100600,10165,8890,1280,6820,52.4,12.6,21290,12010,160,0,715,730,405,135,280,1355,30,30,95,405,90,2020,"Englemount-Lawrence (32)",98784.8101265823
"Clanton Park",33,2845,2135,7885,2210,2545,270,55250,44640,10.6,99400,10055,8830,1220,4725,59.8,12.1,17625,9130,160,0,355,770,180,140,435,1330,25,180,65,630,185,2020,"Clanton Park (33)",98784.8101265823
"Bathurst Manor",34,2275,1920,6700,2240,2820,490,44040,38040,11.4,91500,8880,7765,1120,4795,56.8,12.6,15955,6820,135,0,440,1570,95,210,675,1550,0,335,45,635,385,2020,"Bathurst Manor (34)",98784.8101265823
"Westminster-Branson",35,3385,2890,10475,3630,5310,830,40600,35600,13.7,80400,13620,11510,2110,8700,51.6,15.5,25705,7800,185,0,610,5275,205,35,1295,1180,30,595,55,550,320,2020,"Westminster-Branson (35)",98784.8101265823
"Newtonbrook West",36,2605,2970,10545,3365,4305,640,40680,34920,15.3,81800,13110,11305,1800,8090,53.3,13.7,23810,6455,170,0,500,2565,110,105,2580,1255,70,1855,20,2020,235,2020,"Newtonbrook West (36)",98784.8101265823
"Willowdale West",37,1770,1930,7945,2080,3435,445,47920,40360,19.2,85600,9340,8215,1125,6055,53.4,12,17165,5700,105,0,260,1175,170,95,2165,800,110,1595,25,3280,120,2020,"Willowdale West (37)",98784.8101265823
"Lansing-Westgate",38,2325,1915,7290,1940,2435,335,63450,50520,11.8,115200,9135,8090,1050,4455,59.5,11.5,15915,7800,125,0,255,905,195,80,1235,795,55,630,25,1480,90,2020,"Lansing-Westgate (38)",98784.8101265823
"Bedford Park-Nortown",39,3985,2980,7485,3320,4385,565,76600,59050,7.2,182600,11320,10140,1180,6840,55.9,10.4,22140,15830,290,0,390,490,320,175,530,990,25,165,15,625,60,2020,"Bedford Park-Nortown (39)",98784.8101265823
"St.Andrew-Windfields",40,2430,2280,6125,2540,3575,470,87600,70200,13,157800,8680,7745,935,5845,53.3,10.8,16955,7570,210,0,160,600,175,85,1585,805,45,445,45,3225,130,2020,"St.Andrew-Windfields (40)",98784.8101265823
"Bridle Path-Sunnybrook-York Mills",41,1315,1180,2790,1460,2185,235,195600,137200,9.1,310400,4435,4075,365,3185,53.4,8.2,8940,5490,125,0,105,310,130,60,650,255,50,75,0,1140,50,2020,"Bridle Path-Sunnybrook-York Mills (41)",98784.8101265823
"Banbury-Don Mills",42,3470,2600,10170,3985,6925,1270,69300,55450,11.1,109700,13770,12325,1445,9910,52,10.5,27150,13115,405,0,490,1255,255,395,2605,990,165,410,85,3530,140,2020,"Banbury-Don Mills (42)",98784.8101265823
"Victoria Village",43,2710,2030,6915,2365,3355,430,43280,37600,17.6,73400,8580,7135,1445,6075,48.7,16.8,17370,7925,215,0,1285,430,60,740,1995,685,35,60,115,600,45,2020,"Victoria Village (43)",98784.8101265823
"Flemingdon Park",44,4155,2910,9730,2495,3240,340,44240,38240,19.9,70600,10490,8765,1730,7885,47.7,16.5,22525,6735,245,0,1310,1400,65,385,5335,630,20,220,135,910,240,2020,"Flemingdon Park (44)",98784.8101265823
"Pleasant View",46,1810,1885,6025,2150,3350,445,38400,33320,10.1,91300,7730,6425,1305,5680,47.9,16.9,15220,4610,110,0,605,520,65,640,1185,980,35,205,30,4075,70,2020,"Pleasant View (46)",98784.8101265823
"Don Valley Village",47,3825,3120,11535,3340,4950,660,46360,39640,13.5,85100,14030,11920,2115,8915,52,15.1,26770,8380,210,0,860,885,130,160,3520,1265,75,665,95,4895,215,2020,"Don Valley Village (47)",98784.8101265823
"Hillcrest Village",48,1940,1725,5760,2220,4695,825,44240,34680,15.6,88200,7545,6525,1025,6850,45.3,13.6,16340,4700,80,0,205,350,110,95,1385,575,45,530,30,6300,120,2020,"Hillcrest Village (48)",98784.8101265823
"Bayview Woods-Steeles",49,1315,1390,4220,1755,3425,500,61650,50760,11.9,100300,5795,5015,775,4975,46.6,13.4,12085,4225,160,0,165,310,130,140,1430,455,15,565,35,3385,40,2020,"Bayview Woods-Steeles (49)",98784.8101265823
"Newtonbrook East",50,1570,1730,6760,2160,3120,430,43680,37320,17.7,90100,8235,7155,1080,5540,52,13.1,15345,3995,60,0,120,420,85,75,2760,745,25,1500,55,3495,110,2020,"Newtonbrook East (50)",98784.8101265823
"Bayview Village",52,2390,2225,11140,2590,3980,570,59650,48960,16.4,85300,12940,11170,1770,7000,56,13.7,22330,7245,190,0,355,640,125,170,3165,1125,135,1220,40,4875,200,2020,"Bayview Village (52)",98784.8101265823
"Henry Farm",53,2870,2360,11050,1700,1860,145,46280,39400,17.2,77000,12015,10370,1645,4955,61.1,13.7,19835,5705,145,0,795,395,25,80,3030,1020,100,310,55,3165,115,2020,"Henry Farm (53)",98784.8101265823
"O`Connor Parkview",54,2905,2180,7485,2740,3090,415,47480,40720,13.6,88000,9300,7710,1585,6205,49.7,17,18405,10625,275,0,625,720,135,925,1280,620,20,60,145,410,75,2020,"O`Connor Parkview (54)",98784.8101265823
"Thorncliffe Park",55,4975,2520,8670,1935,2300,320,46640,39880,24.2,68500,8700,7140,1560,6725,46.3,17.9,20400,5285,105,0,1285,465,30,400,7845,635,0,45,85,400,165,2020,"Thorncliffe Park (55)",98784.8101265823
"Leaside-Bennington",56,2905,2210,6080,2570,2760,345,74400,59850,5.8,191200,8925,7935,1000,4700,58.2,11.2,16540,12835,270,0,80,340,220,160,360,530,45,155,10,580,70,2020,"Leaside-Bennington (56)",98784.8101265823
"Broadview North",57,1465,920,5220,1475,1880,170,49320,41920,14.6,77400,6250,5325,920,3245,56.1,14.7,10960,5845,160,0,160,825,80,890,370,605,30,40,50,315,255,2020,"Broadview North (57)",98784.8101265823
"Old East York",58,1420,935,3735,1410,1670,225,51120,43120,8.3,102700,4960,4360,605,2780,56.3,12.2,9160,5695,120,0,75,325,80,890,235,375,30,40,0,290,25,2020,"Old East York (58)",98784.8101265823
"Danforth-East York",59,3070,1435,7545,2170,2840,370,54200,45120,9.3,104900,9430,8385,1045,4560,59.9,11.1,17065,10825,400,0,150,500,135,1145,460,795,50,50,55,1030,40,2020,"Danforth-East York (59)",98784.8101265823
"Woodbine-Lumsden",60,1290,610,3600,1140,1275,135,48200,41320,10,95700,4415,3885,530,2210,58.7,12,7920,5455,100,0,100,205,35,150,200,340,40,30,50,495,25,2020,"Woodbine-Lumsden (60)",98784.8101265823
"Taylor Massey",61,2680,1665,7140,1805,1740,160,40320,35600,17.8,69800,7830,6355,1475,4510,51.5,18.8,15020,6095,115,0,605,405,45,80,3800,750,30,105,80,290,110,2020,"Taylor Massey (61)",98784.8101265823
"East End Danforth",62,3735,2100,9995,3030,2985,230,49680,42000,11.9,96700,12405,10805,1600,5700,59.7,12.9,21845,16025,400,20,305,395,170,105,1010,755,45,130,35,715,55,2020,"East End Danforth (62)",98784.8101265823
"The Beaches",63,3660,2205,8750,3220,3685,285,70900,55200,7.9,138600,12215,10870,1345,5635,60.9,11,21510,18030,460,0,125,390,310,40,205,615,35,40,10,305,45,2020,"The Beaches (63)",98784.8101265823
"Woodbine Corridor",64,2315,1030,5765,1595,1500,130,58400,46080,11.1,102700,6745,6015,730,3145,60.8,10.8,12205,9090,370,0,230,210,95,80,275,340,30,50,15,510,35,2020,"Woodbine Corridor (64)",98784.8101265823
"Greenwood-Coxwell",65,2550,1065,6875,1750,1875,165,51700,42640,12,95400,7725,6800,925,3845,58.8,12,14120,9650,220,20,140,210,105,155,580,380,45,60,30,1335,20,2020,"Greenwood-Coxwell (65)",98784.8101265823
"Danforth",66,1535,800,4140,1175,1655,250,47880,40720,10.3,108200,5065,4460,610,2705,57.4,12,9310,6230,170,0,110,175,55,415,320,545,40,45,0,595,20,2020,"Danforth (66)",98784.8101265823
"Playter Estates-Danforth",67,1090,720,3305,1070,1490,155,57250,45080,10.7,109700,4365,3755,610,2225,57,14,7685,5550,185,0,90,225,120,380,85,320,25,50,0,150,30,2020,"Playter Estates-Danforth (67)",98784.8101265823
"North Riverdale",68,1790,1110,4720,1735,1935,160,65100,52000,8.3,127900,6345,5760,580,3160,60.6,9.1,11290,8560,200,0,65,195,130,275,110,270,30,45,0,785,0,2020,"North Riverdale (68)",98784.8101265823
"Blake-Jones",69,1260,820,3365,995,1050,110,46880,39680,15.2,95900,4000,3465,535,2215,55.8,13.4,7475,4930,140,0,230,100,40,115,310,300,50,10,40,590,30,2020,"Blake-Jones (69)",98784.8101265823
"South Riverdale",70,3930,2080,15060,3375,3370,320,66100,52400,11.7,105500,17350,15095,2255,6530,63.2,13,27810,19060,555,10,300,450,170,105,570,695,95,85,65,3555,20,2020,"South Riverdale (70)",98784.8101265823
"Cabbagetown-South St. James Town",71,900,850,5295,1845,2120,205,62300,51160,15,93100,6860,5970,885,3265,59,12.9,11020,7550,290,0,115,310,95,55,300,590,105,60,30,360,15,2020,"Cabbagetown-South St. James Town (71)",98784.8101265823
"Regent Park",72,1745,1715,6550,1485,1250,120,55150,45560,22.9,70500,6810,5620,1180,4205,51,17.3,12755,5870,275,0,700,195,35,10,1510,565,25,105,120,945,45,2020,"Regent Park (72)",98784.8101265823
"Moss Park",73,1570,2360,13050,2350,2165,100,58750,46920,23.3,75800,14405,12295,2105,5520,61.7,14.6,21490,12165,555,15,1025,725,135,35,1100,1130,110,235,210,1480,140,2020,"Moss Park (73)",98784.8101265823
"North St. James Town",74,2165,1915,10310,2240,1900,150,44480,38040,21.9,63600,10940,9030,1910,5430,55.2,17.5,18540,7535,335,0,1075,435,65,45,1905,930,80,250,70,635,155,2020,"North St. James Town (74)",98784.8101265823
"Kensington-Chinatown",78,1245,2740,9435,1890,2805,550,53850,41400,23,73200,10580,8715,1870,6290,51.6,17.7,18120,8835,310,0,390,345,105,20,595,800,90,225,15,4450,90,2020,"Kensington-Chinatown (78)",98784.8101265823
"University",79,505,840,3360,680,1050,125,56000,46160,14.6,94400,4095,3470,625,1830,58.6,15.3,6435,3845,165,0,75,130,75,35,170,555,45,105,0,695,0,2020,"University (79)",98784.8101265823
"Palmerston-Little Italy",80,1195,1345,7150,1360,2070,365,53300,44320,10.9,103900,8550,7590,960,3375,63.6,11.2,13125,8625,225,0,130,295,160,140,120,1655,40,90,10,640,45,2020,"Palmerston-Little Italy (80)",98784.8101265823
"Trinity-Bellwoods",81,1600,1355,8365,1735,2355,425,59700,47640,11,103800,9500,8290,1210,4310,60,12.7,15415,8635,285,10,135,335,145,20,135,2305,35,25,0,2195,15,2020,"Trinity-Bellwoods (81)",98784.8101265823
"Dufferin Grove",83,1210,980,6225,1175,1615,175,49480,42000,11.7,83100,7025,6020,1010,2975,60.2,14.4,11210,6695,205,0,105,230,55,25,315,1840,60,105,10,580,35,2020,"Dufferin Grove (83)",98784.8101265823
"Little Portugal",84,1500,1235,9725,1235,1795,245,60600,49440,10.8,88900,10615,9270,1345,3365,66.3,12.7,15480,9425,310,0,160,435,70,25,270,2435,45,115,0,770,50,2020,"Little Portugal (84)",98784.8101265823
"South Parkdale",85,1920,1845,11920,2420,2400,190,44720,38560,20.2,64300,12810,10595,2210,5770,57,17.3,20500,11340,340,10,690,1070,155,55,685,1155,25,75,95,1840,95,2020,"South Parkdale (85)",98784.8101265823
"Roncesvalles",86,2130,1190,7615,1785,1900,205,56400,46400,12.5,98000,8815,7820,995,3675,62.6,11.3,14615,10160,260,0,145,770,190,20,185,725,35,65,100,660,0,2020,"Roncesvalles (86)",98784.8101265823
"High Park-Swansea",87,3385,2060,10475,3020,3720,435,67600,55500,8.5,120100,13540,12035,1510,5735,62.4,11.2,22660,15385,400,0,155,2240,310,110,440,1200,105,120,0,465,45,2020,"High Park-Swansea (87)",98784.8101265823
"High Park North",88,2780,1695,11375,2665,3340,400,58950,47880,11.9,92400,13730,11925,1805,5350,62.5,13.1,21850,13450,470,0,450,2240,240,120,430,1510,85,135,10,395,120,2020,"High Park North (88)",98784.8101265823
"Runnymede-Bloor West Village",89,2005,990,4340,1375,1405,170,67400,54700,5.1,136000,5705,5145,560,2410,63.4,9.8,10125,7685,185,0,120,660,110,85,75,450,20,20,10,190,0,2020,"Runnymede-Bloor West Village (89)",98784.8101265823
"Junction Area",90,2050,1205,7200,1780,1780,175,55900,46600,8.8,96700,8700,7580,1115,3265,63.4,12.8,14015,9115,175,0,280,505,135,185,270,1240,70,25,45,430,40,2020,"Junction Area (90)",98784.8101265823
"Weston-Pelham Park",91,1565,1120,5115,1385,1485,195,36160,31880,13.1,81600,5605,4750,850,3505,52.1,15.2,10680,5535,125,10,270,135,10,65,120,2810,10,20,60,235,45,2020,"Weston-Pelham Park (91)",98784.8101265823
"Corso Italia-Davenport",92,1850,1260,6325,1665,2095,355,48880,40240,8.8,96600,7600,6740,860,3755,59.4,11.3,13200,7020,155,0,115,200,85,110,130,3920,65,30,50,200,20,2020,"Corso Italia-Davenport (92)",98784.8101265823
"Wychwood",94,1770,1125,5935,1635,2340,360,53600,44880,11.2,101600,7340,6425,915,3685,58.3,12.5,12800,8160,230,0,210,225,115,345,135,1480,35,80,25,515,25,2020,"Wychwood (94)",98784.8101265823
"Annex",95,2435,3010,14555,3505,5785,665,79800,60000,14.4,129000,18730,16560,2165,8140,61.6,11.6,29300,19630,635,0,585,1025,390,290,805,1585,195,390,35,1320,235,2020,"Annex (95)",98784.8101265823
"Casa Loma",96,1175,1060,4685,1510,2915,375,88200,66300,10.7,183400,6585,5860,725,3590,57.6,11,11350,8385,230,0,130,360,165,20,185,565,45,55,0,340,75,2020,"Casa Loma (96)",98784.8101265823
"Yonge-St. Clair",97,1310,810,5885,1620,3285,465,95500,75900,9.8,143600,7825,7160,665,3770,61.8,8.5,12905,9250,265,0,205,430,175,40,490,670,45,125,25,295,45,2020,"Yonge-St. Clair (97)",98784.8101265823
"Rosedale-Moore Park",98,2395,2030,7000,3060,5595,690,122000,85100,8.8,208600,10455,9470,985,7230,53.5,9.4,20080,14630,460,0,180,675,355,95,555,920,80,85,25,695,105,2020,"Rosedale-Moore Park (98)",98784.8101265823
"Mount Pleasant East",99,2780,1760,6895,2150,2785,280,65600,52650,8.3,132800,9330,8345,990,4255,61.4,10.6,16370,11620,265,0,175,610,175,105,440,835,50,210,0,490,40,2020,"Mount Pleasant East (99)",98784.8101265823
"Yonge-Eglinton",100,1720,1245,6140,1355,1945,200,73200,56700,10.5,119700,7590,6715,875,3100,62.8,11.5,12410,8400,225,0,115,300,170,45,370,850,90,210,0,495,80,2020,"Yonge-Eglinton (100)",98784.8101265823
"Forest Hill South",101,1360,1300,4090,1425,2675,390,90700,66700,9.8,184400,6070,5530,540,3435,58.2,8.9,10865,7910,190,0,175,350,160,25,235,425,40,35,0,360,50,2020,"Forest Hill South (101)",98784.8101265823
"Forest Hill North",102,1890,1405,4980,1705,2310,265,54800,45840,10.8,126300,7125,6300,825,3280,60.5,11.6,12290,7020,145,0,560,695,145,65,215,860,25,75,25,120,60,2020,"Forest Hill North (102)",98784.8101265823
"Lawrence Park South",103,2450,2215,5540,2160,2605,300,90900,71300,7.2,231000,7955,7175,780,4550,57.4,9.8,14955,11195,285,0,175,450,125,60,360,450,40,85,0,610,60,2020,"Lawrence Park South (103)",98784.8101265823
"Lawrence Park North",105,2965,1815,5795,1910,2180,245,81900,62400,5.6,185200,7890,7030,860,3815,60.1,10.9,14675,10890,155,0,100,370,155,125,375,610,15,130,0,915,80,2020,"Lawrence Park North (105)",98784.8101265823
"Humewood-Cedarvale",106,2135,1345,6580,1620,2180,215,53700,41200,11.2,107700,8315,7420,895,3400,63.3,10.8,13850,9445,185,0,220,330,85,165,205,1000,75,85,25,150,45,2020,"Humewood-Cedarvale (106)",98784.8101265823
"Oakwood Village",107,3075,2070,9200,2705,3665,500,43040,37600,12,85700,11445,10005,1440,6190,56.7,12.6,20710,11085,205,0,570,420,115,305,240,4060,30,105,20,550,70,2020,"Oakwood Village (107)",98784.8101265823
"Briar Hill-Belgravia",108,1910,1485,6670,2120,2380,315,43840,38120,11.5,82700,8285,7130,1155,4385,56.3,13.9,14575,5730,85,0,195,715,20,145,280,2890,25,110,45,335,75,2020,"Briar Hill-Belgravia (108)",98784.8101265823
"Caledonia-Fairbank",109,1440,1095,4545,1425,1505,210,41760,36240,10.6,87600,5630,4900,725,2945,57.1,12.9,10015,4155,80,10,80,160,0,50,225,3470,15,30,0,220,90,2020,"Caledonia-Fairbank (109)",98784.8101265823
"Keelesdale-Eglinton West",110,1620,1265,4925,1655,1935,310,40080,34920,12.5,79800,5870,4990,875,3905,51.1,14.9,11390,4700,65,0,95,140,25,35,260,4295,10,60,60,170,20,2020,"Keelesdale-Eglinton West (110)",98784.8101265823
"Rockcliffe-Smythe",111,3325,2425,9120,3270,4095,485,40360,35360,15.8,75700,10745,9220,1525,8165,48.8,14.2,22240,10520,195,0,920,1040,120,140,340,5195,20,60,135,575,80,2020,"Rockcliffe-Smythe (111)",98784.8101265823
"Beechborough-Greenbrook",112,1030,805,2650,855,925,130,36600,32000,18,69000,3105,2570,545,2120,49.2,17.6,6260,3270,35,0,195,50,10,10,160,1365,0,0,70,45,0,2020,"Beechborough-Greenbrook (112)",98784.8101265823
"Weston",113,3120,2130,8230,2520,2675,280,38800,34280,18.6,70100,9320,7700,1625,6235,49.5,17.4,18675,10885,180,0,1355,315,35,95,320,2480,0,35,360,180,0,2020,"Weston (113)",98784.8101265823
"Lambton Baby Point",114,1540,965,3220,1015,1215,165,57600,46500,12,123500,4165,3615,550,2260,56.3,13.2,7965,5375,105,0,145,735,105,45,120,455,15,30,30,105,0,2020,"Lambton Baby Point (114)",98784.8101265823
"Mount Dennis",115,2145,1635,5580,1940,1755,160,41560,36440,14.9,72800,6735,5475,1260,4170,50.2,18.7,13055,6665,95,0,525,205,45,0,220,2350,60,80,230,235,100,2020,"Mount Dennis (115)",98784.8101265823
"Steeles",116,2755,2295,8025,3465,6225,950,35080,31120,14.8,84200,9875,8045,1840,10135,40.2,18.6,22760,4735,70,0,560,145,25,235,655,265,10,80,10,13660,25,2020,"Steeles (116)",98784.8101265823
"Tam O'Shanter-Sullivan",118,3665,3125,10280,3950,6180,1135,39960,34280,14.4,80300,13270,11205,2075,10270,47.6,15.6,27210,9720,215,0,780,295,85,390,1790,685,25,155,60,6920,80,2020,"Tam O'Shanter-Sullivan (118)",98784.8101265823
"Wexford/Maryvale",119,4175,3490,11575,4345,4760,710,41640,36200,11.6,85800,14830,12445,2385,9345,51.5,16.1,28340,12650,225,0,1415,650,120,1065,2475,1200,20,140,140,1295,335,2020,"Wexford/Maryvale (119)",98784.8101265823
"Clairlea-Birchmount",120,4495,3350,11615,3715,3660,475,47200,40320,11.5,90000,14005,11925,2085,8330,53.4,14.9,26835,12420,275,0,1100,585,65,395,4385,910,75,115,140,1485,55,2020,"Clairlea-Birchmount (120)",98784.8101265823
"Oakridge",121,2565,1780,5905,1755,1700,190,35080,31520,22.5,64900,6080,4800,1280,5055,43.1,21.1,13700,5935,225,0,895,95,20,65,3140,315,35,20,140,610,40,2020,"Oakridge (121)",98784.8101265823
"Birchcliffe-Cliffside",122,3440,2425,9115,3690,4025,460,51350,43080,9.7,103000,12070,10265,1800,7190,53.3,14.9,22705,16820,315,0,190,345,195,185,1280,745,45,35,85,565,40,2020,"Birchcliffe-Cliffside (122)",98784.8101265823
"Cliffcrest",123,2510,2105,5930,2625,2950,350,45400,38840,11.1,97800,8150,6900,1250,5470,50.7,15.3,16135,9855,115,0,245,355,115,150,2060,475,20,55,90,430,25,2020,"Cliffcrest (123)",98784.8101265823
"Kennedy Park",124,2585,2110,6830,2675,2910,315,36160,31800,17,73400,8175,6665,1505,6345,45.9,18.4,17105,7615,85,0,570,260,45,265,2555,555,20,60,100,750,20,2020,"Kennedy Park (124)",98784.8101265823
"Ionview",125,2215,1550,5675,1835,2090,280,39200,34360,13.8,75400,6715,5615,1100,4435,50.4,16.4,13370,6020,95,0,565,150,50,270,1305,305,10,0,50,525,0,2020,"Ionview (125)",98784.8101265823
"Dorset Park",126,3780,3050,10055,3605,3810,465,39440,34640,13,79300,12200,10425,1770,8330,50.8,14.5,24310,9105,190,0,1135,270,75,430,2970,490,35,80,95,2150,40,2020,"Dorset Park (126)",98784.8101265823
"Agincourt South-Malvern West",128,3005,2835,10205,3655,4480,625,43400,36480,13,81000,12430,10645,1785,8730,50.3,14.4,24170,7525,135,0,245,200,65,255,2015,715,30,100,60,8735,25,2020,"Agincourt South-Malvern West (128)",98784.8101265823
"Agincourt North",129,3400,3175,10210,4315,6430,920,33120,29120,12.4,85700,13130,10860,2270,11000,45,17.3,27540,7075,115,0,345,125,60,140,1385,295,35,40,20,12635,15,2020,"Agincourt North (129)",98784.8101265823
"Milliken",130,3225,2450,8980,3770,5555,775,30720,27600,14.6,84700,10640,8615,2020,10120,41.5,19,23985,5320,20,0,60,45,20,100,730,190,15,25,0,13835,20,2020,"Milliken (130)",98784.8101265823
"Centennial Scarborough",133,2145,1675,4845,1985,2735,240,61700,51100,4.4,125400,6855,6060,795,4385,53.9,11.6,13385,9105,105,0,100,350,90,100,770,440,15,50,45,520,40,2020,"Centennial Scarborough (133)",98784.8101265823
"Highland Creek",134,1485,1840,4465,1965,2875,225,35880,31160,6.4,114900,6585,5595,985,4560,50.2,15,12625,5885,60,0,125,395,30,100,1555,385,15,30,15,770,15,2020,"Highland Creek (134)",98784.8101265823
"Morningside",135,2920,2445,7100,2310,2885,285,34680,31080,12.4,86600,8840,7450,1390,5895,50.5,15.7,17655,8540,160,0,390,200,100,90,1775,320,15,70,160,580,20,2020,"Morningside (135)",98784.8101265823
"West Hill",136,4470,3865,11075,4190,4545,455,36320,32360,15.2,79400,13595,11300,2295,10070,47.7,16.9,28140,16255,365,0,590,440,115,170,3205,855,30,35,300,660,25,2020,"West Hill (136)",98784.8101265823
"Eglinton East",138,3780,3120,8990,3090,3555,395,38200,33920,13.9,75900,10915,9060,1865,7835,48.3,17.1,22535,10710,225,0,635,325,90,245,2420,610,30,0,250,550,20,2020,"Eglinton East (138)",98784.8101265823
"Scarborough Village",139,3110,2240,6710,2205,2270,245,40000,31840,17.1,76000,7620,6270,1355,5795,46.7,17.8,16520,7795,230,0,415,260,65,65,2775,465,20,20,215,335,30,2020,"Scarborough Village (139)",98784.8101265823
"Guildwood",140,1325,985,3335,1460,2570,455,61450,51950,5.8,100700,4845,4190,655,3505,50.2,13.5,9675,6685,150,0,100,280,115,65,540,310,45,20,55,320,0,2020,"Guildwood (140)",98784.8101265823
"Golfdale-Cedarbrae-Woburn",141,4940,3935,10605,3405,4200,510,34560,30840,16,80600,12705,10585,2120,9440,47.8,16.7,27085,11950,240,0,575,490,115,160,5515,585,25,25,105,360,20,2020,"Golfdale-Cedarbrae-Woburn (141)",98784.8101265823
"Woburn North",142,4010,3475,11645,3315,4140,725,37760,33320,15.5,76500,13560,11390,2170,9015,50.5,16,26580,10540,120,0,450,360,160,245,5435,450,35,55,65,2015,25,2020,"Woburn North (142)",98784.8101265823
"West Rouge",143,3010,2510,7690,3160,4295,335,51200,43680,6.2,109900,10670,9125,1545,6995,51.7,14.5,20675,13365,155,0,285,260,160,70,1755,470,15,40,100,490,0,2020,"West Rouge (143)",98784.8101265823
"Morningside Heights",144,4080,3640,9895,3630,3705,295,36600,32200,5.7,110800,13210,11235,1975,7650,53.9,15,24940,9885,85,0,255,75,10,0,2980,205,0,0,40,775,30,2020,"Morningside Heights (144)",98784.8101265823
"Malvern West",145,2830,2570,7015,2370,2520,160,39320,34440,9.7,88800,8880,7325,1550,5610,50.6,17.5,17320,6805,105,0,365,80,20,25,3405,215,0,0,165,890,20,2020,"Malvern West (145)",98784.8101265823
"Malvern East",146,3915,3560,10550,3550,4525,425,38360,33720,11.7,86600,13145,11020,2130,9035,49.7,16.2,26095,12750,235,0,365,175,40,15,3010,410,10,75,180,1535,15,2020,"Malvern East (146)",98784.8101265823
"L'Amoreaux West",147,2725,2450,7830,3220,5335,975,38080,33600,15.8,80100,10180,8575,1610,8640,45.6,15.8,21545,7445,195,0,630,295,45,505,1150,735,15,140,130,5150,95,2020,"L'Amoreaux West (147)",98784.8101265823
"East L'Amoreaux",148,2915,2670,8310,3225,4365,555,36800,32360,13.5,84800,10320,8465,1850,8260,45.5,17.9,21495,6400,140,0,455,140,25,255,1140,405,15,80,105,7470,40,2020,"East L'Amoreaux (148)",98784.8101265823
"Parkwoods-O'Connor Hills",149,2285,1875,5360,2015,2420,355,53350,44760,10.7,104400,7255,6070,1180,4425,52,16.3,13965,7805,185,0,465,325,125,300,1010,830,50,220,35,810,75,2020,"Parkwoods-O'Connor Hills (149)",98784.8101265823
"Fenside-Parkwoods",150,3020,2545,8950,2820,3185,405,48040,41280,13.2,80800,11185,9430,1755,6305,53.9,15.7,20510,9155,335,0,900,640,75,175,2335,1265,60,240,135,1200,145,2020,"Fenside-Parkwoods (150)",98784.8101265823
"Yonge-Doris",151,2170,2020,10535,2135,3290,500,59100,48400,22.5,73500,11350,9900,1450,6640,55,12.8,20155,4530,165,0,310,755,55,55,3255,630,220,2195,0,5480,125,2020,"Yonge-Doris (151)",98784.8101265823
"East Willowdale",152,2205,2025,6310,2195,2750,295,52400,42720,16.9,108000,7510,6495,1015,5770,48.9,13.5,15480,4750,125,0,335,370,65,50,1720,400,80,865,40,5230,85,2020,"East Willowdale (152)",98784.8101265823
"Avondale",153,1545,1305,8320,1255,1380,120,65400,52150,18.6,82900,8715,7720,995,3535,63,11.4,13795,4275,110,0,305,515,100,60,2145,670,125,1055,0,2620,165,2020,"Avondale (153)",98784.8101265823
"Oakdale-Beverley Heights",154,3795,2755,8870,2830,3150,525,37640,31280,14.4,78000,10780,8960,1820,6840,50.8,16.9,21415,10110,75,0,605,260,50,40,355,4140,10,30,655,295,135,2020,"Oakdale-Beverley Heights (154)",98784.8101265823
"Downsview-Roding-CFB",26,2555,2070,8140,2490,2715,525,45880,39720,9.6,84200,9955,8505,1445,5460,55.2,14.5,17965,7485,140,0,290,390,35,100,480,3580,0,130,55,385,340,2020,"Downsview-Roding-CFB (26)",98784.8101265823
"Bendale-Glen Andrew",156,2610,2605,7835,2225,3410,510,41360,34920,17,74900,9330,7940,1395,6740,49.4,15,18685,6935,165,0,440,285,70,180,3095,450,35,100,20,2790,30,2020,"Bendale-Glen Andrew (156)",98784.8101265823
"Bendale South",157,1610,1555,4315,1500,1755,285,36000,31920,9.7,92400,5370,4545,825,3740,49.9,15.4,10720,4770,35,0,305,210,35,260,1760,225,15,35,25,375,0,2020,"Bendale South (157)",98784.8101265823
"Islington-City Centre West",14,3430,2610,9190,3495,4740,715,69000,55350,8.5,114600,12600,10965,1640,7430,54.7,13,23465,12280,270,0,755,3330,215,105,785,1675,15,435,60,635,145,2020,"Islington-City Centre West (14)",98784.8101265823
"Etobicoke City Centre",159,2785,1930,13510,2355,3015,310,62300,50720,13.6,80300,15295,13600,1700,5520,65.4,11.1,23595,10860,230,0,640,2295,100,65,1515,2265,85,950,125,975,90,2020,"Etobicoke City Centre (159)",98784.8101265823
"Mimico-Queensway",160,2395,1325,8165,2465,2695,275,54150,45160,12.4,90900,10095,8920,1175,4560,60.9,11.6,17045,9925,255,0,250,1635,120,60,560,1200,65,95,25,1015,35,2020,"Mimico-Queensway (160)",98784.8101265823
"Humber Bay Shores",161,1700,1370,13250,2705,3565,340,75400,59150,13.5,86600,15450,13540,1910,5455,64.8,12.4,22600,11155,450,0,600,2265,200,50,1435,1910,65,220,55,1215,150,2020,"Humber Bay Shores (161)",98784.8101265823
"West Queen West",162,1125,720,9090,1120,1115,80,87700,67600,10.9,104000,9865,9120,740,2180,75.7,7.5,13170,8780,305,0,170,415,120,35,390,1065,70,30,15,680,35,2020,"West Queen West (162)",98784.8101265823
"Fort York-Liberty Village",163,1205,1325,15550,1040,795,40,78800,62100,10.3,88600,16225,14830,1390,2490,79.3,8.6,19915,11925,455,0,345,955,110,65,1250,1180,40,320,25,1080,130,2020,"Fort York-Liberty Village (163)",98784.8101265823
"Wellington Place",164,1130,3005,19565,1055,805,35,83400,64100,14,93600,21345,19685,1660,3095,80.5,7.8,25575,14335,690,0,495,895,175,125,1535,1230,115,425,35,2690,220,2020,"Wellington Place (164)",98784.8101265823
"Harbourfront-CityPlace",165,2065,2615,20360,1560,1525,145,73100,58150,14.4,87000,21900,19655,2245,4165,75.4,10.3,28130,13555,625,0,810,920,215,80,2800,1635,125,420,65,3240,145,2020,"Harbourfront-CityPlace (165)",98784.8101265823
"St Lawrence-East Bayfront-The Islands",166,2285,2590,19325,3100,3995,465,79800,61950,15.3,91800,21965,19585,2380,7040,67.5,10.8,31290,17405,875,0,890,1065,330,40,2165,1470,130,410,150,2760,170,2020,"St Lawrence-East Bayfront-The Islands (166)",98784.8101265823
"Church-Wellesley",167,895,3475,13485,2360,2105,155,53800,44160,23.3,64800,15725,13265,2455,5695,61.9,15.6,22320,10620,575,0,515,895,155,60,1710,1300,150,700,40,2955,165,2020,"Church-Wellesley (167)",98784.8101265823
"Downtown Yonge East",168,1055,2730,10340,1625,1950,165,60550,48600,22.4,76500,12140,10495,1645,4505,63.1,13.6,17695,9120,385,0,465,610,90,35,1100,840,110,445,110,2225,130,2020,"Downtown Yonge East (168)",98784.8101265823
"Bay-Cloverhill",169,745,4345,8295,1190,2115,295,52700,42400,29,72300,10415,8850,1565,5510,55.6,15,16670,6840,330,0,450,475,85,35,900,640,75,580,20,4385,90,2020,"Bay-Cloverhill (169)",98784.8101265823
"Yonge-Bay Corridor",170,970,2165,7785,875,855,60,61600,48920,24.3,77700,8620,7475,1150,3055,64,13.3,12645,4940,195,0,705,285,105,15,940,555,135,555,20,2605,60,2020,"Yonge-Bay Corridor (170)",98784.8101265823
"Junction-Wallace Emerson",171,3075,1935,12705,2560,2905,335,49640,42160,11.2,86700,14040,12070,1965,6060,60,14,23180,12620,345,10,465,445,90,105,650,4545,65,160,70,1125,80,2020,"Junction-Wallace Emerson (171)",98784.8101265823
"Dovercourt Village",172,1365,1100,6410,1530,1975,275,49080,41560,10,92300,7460,6430,1030,3555,58.4,13.8,12380,7215,185,0,115,215,75,220,230,2195,50,100,20,715,20,2020,"Dovercourt Village (172)",98784.8101265823
"North Toronto",173,1315,1425,9915,1435,1790,235,59700,49160,18.5,70900,10870,9465,1415,3695,65,13,15885,7410,260,0,365,895,120,35,1475,1675,75,450,20,765,250,2020,"North Toronto (173)",98784.8101265823
"South Eglinton-Davisville",174,2190,1690,13640,2175,3055,325,67200,53750,15.3,82100,15070,13475,1595,5475,65.6,10.6,22735,11945,445,0,460,1145,190,100,1785,2015,105,645,50,905,150,2020,"South Eglinton-Davisville (174)",98784.8101265823
